Горящие туры из Москвы. метро Павелецкая	15971582
События и мероприятия в Москве	88034162
redkassa.ru. Билеты на события в Москве	18542826
Экскурсии по кладбищам Москвы и МО	12326328
Экскурсии по крышам Москвы.	30644074
Экскурсии по крышам Москвы	75854134
куда пойти в Москве?	654042
Ночная экскурсия на велосипедах по Москве "Тайны и загадки московских улиц.Мистические,уникальные,исторические места Москвы"	17899810
Град Москва. Экскурсии по Москве	68782178
Бродилки по Москве. Интеллектуальные экскурсии	139100633
Экскурсии по Москве	14767070
Оформление свадеб и событий в Москве. Алиса Ив.	94510867
Экскурсии по крышам Москвы	6321261
Индивидуальные и ВИП экскурсии по Москве	60687700
ツИнтересные места Москвыツ	7740082
Эксклюзивные экскурсии по Москве, Питеру и не только..	448358
Авторские экскурсии по Москве	54753578
Экскурсии  по заброшенным местам(Москва)	50605784
ЦЕНТР БРОНИРОВАНИЯ ТУРОВ	94071755
Экскурсии по Москве и Подмосковью	62288363
Сказея экскурсии по Москве	96096907
Экскурсии по Москве	135126440
Интересные события в Москве.	120488494
Куда пойти в Москве	79556173
страшные истории на риальных событиях в москве	72956566
Московский пешеход - экскурсии по Москве пешком	46874335
КУДА ПОЙТИ В МОСКВЕ БЮДЖЕТНО!	74003660
Экскурсии по Москве. Лавка Экскурсий	59352348
Город контрастов. Экскурсии и квесты по Москве!	13088331
Любимый Город - экскурсии по Москве!	80780891
Бесплатные события в Москве 5 января	33601089
Экскурсии "Гуляем по Москве"	96986466
Культурный центр "Варяг" - экскурсии по Москве	2570268
Нескучно - экскурсии по Москве, туры по России	92756094
Экскурсии по Москве и Подмосковью. TOUR Project	99423008
Бесплатные события в Москве 6 января	33601100
Парки Москвы и интересные места	103049227
Рустрэвел.рф | Экскурсии по Москве и России	62468472
Экскурсии по Москве с Дмитрием Поляковым	90988511
Бесплатные пешеходные экскурсии по Москве	196264816
ГОРЯЩИЕ ТУРЫ | ТУРИСТИЧЕСКОЕ АГЕНТСТВО	52882311
СЁРФИНГ В ПОРТУГАЛИИ #SURFPO	35917524
На свидания,экскурсии,прогулки по крышам Москвы	79444420
FUN2DAY - События и Развлечения в Москве	384836
ЗАКАЗ  БИЛЕТОВ НА КОНЦЕРТ, БИЛЕТЫ В ТЕАТР И ЛЮБЫЕ СОБЫТИЯ В МОСКВЕ С ДОСТАВКОЙ НА ДОМ	16970598
Аренда дома на Самуи и Пxyкeтe вилла в аренду	59450200
Экскурсии по Москве и области. Услуги фотографа	98656089
Москва, мероприятия, места, интересные факты	50162342
Необычные Экскурсии по Москве. Бюро N.	69854141
СЕМЬ ХОЛМОВ l ЭКСКУРСИИ ПО МОСКВЕ	156521027
Мос-Тур | Экскурсии по Москве и России	128715084
Афиша Концерты в Москве. Куда пойти сходить?	43732701
Интересные места в Москве	78625595
Экскурсии по крышам - Москва Фотосессии Свидания	60381552
Завтра в Москве (События)	54824884
Интересные места в Москве	173627991
Москва: интересные места и события	55588940
Автобусы!!! прокат и аренда микроавтобуса в Твери (свадьбы, экскурсии, поездки за город, корпоративы, трансферы в аэропорты, поездки в Москву и по России). Любые расстояния и мероприятия	41090527
Экскурсии по крышам Москвы. "Ветер Крыш"	14126475
ФОЛЬКЛОРНЫЕ СОБЫТИЯ В МОСКВЕ	15074317
Экскурсии по крышам Москвы	72160837
Хотите получать приглашения на Аниме События Москвы? Добавьте меня в друзья (ссылка на id в группе).	16593556
Куда пойти с ребёнком в Москве?	19416164
Экскурсии. Круизы. Валаам. Горящие туры.	97826765
Экскурсии по крышам и тайным местам Москвы	89717483
Экскурсии по Москве (заброшки)	70691652
Экскурсии по Петербургу и Москве. Павел Перец	22580922
БайкалТур!	121339398
Экскурсии по Москве и Золотому Кольцу	77532929
ЭКСКУРСИИ ПО МОСКВЕ	53239369
ЭКСКУРСИИ ПО КРЫШАМ МОСКВЫ  [X-ROOFS]	160688576
Куда пойти с ребенком в Москве	137497321
Прогулки и экскурсии по крышам Москвы.Открытые к	195262958
Интересные экскурсии по Москве	125333303
Kud-Ku-Da. Куда пойти с ребенком в Москве	115989242
Прогулки и экскурсии по крышам Москвы [Акции]	29587748
Экскурсии по Москве	18534106
КУДА ПОЙТИ В МОСКВЕ	125117317
Бесплатные события в Москве ЗАВТРА	24372654
Экскурсии для школьных групп по Москве и России!	65176714
"Не соскучишься!" или "Куда пойти в Москве?"	16284090
Эксклюзивные экскурсии по Москве и Подмосковью	74514600
Интересные события в Москве	159808858
Rushguide.ru-Куда пойти в Москве	41261428
"СоБытие" Аренда кабинетов и зала в центре Москв	29883400
Бесплатные события в Москве 1 января	33601034
Обзорные экскурсии по Москве	142165032
Православные поездки, экскурсии по Москве и Моск	170551426
ЛЕТНИЙ ТАНЦЕВАЛЬНЫЙ ЛАГЕРЬ HIP HOP - 2018	6759912
Экскурсии по Москве!	25652516
ЭКСКУРСИИ ПО ЗАБРОШКАМ МОСКВЫ	43243156
Горящие туры.Гостиница в Москве.Алексис Тревел	44385718
Экскурсии по Москве, Санкт Петербургу (imto.ru)	109712996
Неформальные пешеходные экскурсии по Москве	144221272
Экскурсии / экскурсоводы по Москве ✪ "ПенТур"	164319282
Самые интересные и красивые места Москвы и Подмосковья	2223827
"Совсем другой город" (экскурсии по Москве)	127028395
Интересные места Москвы	57702840
Яркая Москва - интересные мероприятия, события, места	34576177
Мистические экскурсии по Москве	164845409
Свадебный фотограф Москва	8821244
театрАЗведка - куда пойти в Москве	147894662
КУДА ПОЙТИ В НОВОГОДНЮЮ НОЧЬ В МОСКВЕ?..  МОЖЕТ	46636471
Самые интересные места и события Москвы	20536582
Заказ автобусов по Карелии.Сплавы.Экскурсии.	16877223
Экскурсии по Москве	99125943
Экскурсия по коррупционной Москве	35466032
Интересные места Москвы и Подмосковья.	3544002
Экскурсии по Санкт-Петербургу и Москве	27298469
Ретро-экскурсии по жемчужинам Москвы	148164934
Экскурсии по Москве	128530898
Бесплатные события в Москве СЕГОДНЯ	24132573
ВМО Щукино	190876795
Экскурсии по Москве и не только :)))	18391852
Куда пойти в Москве?	112880033
ForChildren: Куда пойти с ребёнком в Москве	196526809
Экскурсии по Москве	93233969
У нас в Москве |Онлайн, офлайн события, вебинары	96818893
АРЕНДА МИКРОАВТОБУСА	43913746
события и мероприятия в Москве	85631994
В Путешествие с ребенком по Москве.	10859965
Экскурсии по Москве	75923782
Экскурсии по Москве "НОСОРОГ"	158343614
Обзорные экскурсии по Москве от м.ВДНХ	1026889
Мафия и другие события в Москве (бесплатно)	60752487
Культурный центр "ВАРЯГ" - экскурсии по Москве	58061726
КРУГОЗОР - мегамаркет экскурсий	40847275
Экскурсии по Москве на английском	52559027
Moscow Time | Куда пойти и чем заняться в Москве	164643110
Экскурсия по Московскому метро	47724485
Театр, спектакли, концерты - все самое интересное в Москве	20740265
События в Москве	46884649
Интересные(странные) места Москвы и МО	108329783
Куда пойти с ребёнком в Москве и в Московской	101497006
город  Москва. Пешеходные экскурсии по столице.	18857061
Экскурсии по крышам Москвы	12118026
Москва, любовь моя - экскурсии по Москве	75188015
«Шагаю по Москве». Пешеходные экскурсии в Москве	84274
Экскурсии и прогулки по Москве и Подмосковью	167811542
======================= Оригинальные экскурсии по Москве =======================	20068452
~*SeX*~ - на памятнике! Реальное событие в Москве)	4217980
Мистика-Бункеры-Заброшки ЭКСкурсии по Москве ИКС	15960698
Пешие экскурсии по Москве	49869485
События в Москве	11609045
Экскурсии по Москве Jewish Steps	139237609
Московское настроение ~ Экскурсии по Москве	156124629
Отдых в деревне на берегу озера	37858017
НП КПЦ "Булгаковский дом" приглашает на  экскурсии по булгаковской Москве на трамвае "302-БИС"	19031041
Экскурсии по Москве	80551628
Экскурсия по Москве	73847833
Экскурсии по районам Москвы-бесплатно!.."Ходики"	19414723
Обзор интересных мест Москвы	121598962
Интересные факты, места и экскурсии по Москве	139079855
Туроператор Амиго-Турс	54204719
Экскурсии по Москве.EXCURCITY	110889183
Экскурсии по Москве \ Excursion in Moscow	100143342
→→→→→Экскурсии по крышам Москвы←←←←← руферы (Москва)	15694719
Бесплатные события в Москве 3 января	33601050
События в Москве	53036413
ВЕЛО-прогулки и вело-экскурсии по Москве	77009161
"Фиалка под снегом"Экскурсии по Москве!	132101352
Турагентство DelMare Tour, Москва. Туры в Европу	35776447
Экскурсии по крышам Москвы | Фотосессия на крыше	43800025
Тропа по интересам Москва Московская   экскурсии	195893218
Туры и экскурсии по Москве	156497109
Куда пойти в Москве	91634480
НЕОБЫЧНЫЕ ЭКСКУРСИИ по необычным местам Москвы.	14751324
Куда пойти в Москве? Афиша Москвы	81227963
Экскурсия по Москве на английском 21сентября	77182105
Москва Даром! Куда пойти в москве бесплатно.	5138185
"Москва шаг за шагом" - экскурсии по Москве	51325922
Афиша кино в Москве 2017. Куда и с кем пойти?	152718486
Экскурсии по Москве	46026986
Пешие и выездные экскурсии по Москве	51695043
Бесплатные экскурсии по Москве!	52880969
Экскурсии и прогулки по крышам Москвы	30651572
Места и события в Москве	1552591
КЦ "Булгаковский дом" приглашает на Уникальные экскурсии по булгаковской Москве на трамвае "302-БИС"	11780662
Экскурсии по Москве	74412695
QQSnailS	29537134
Экскурсии по самым знаменытым заброшкам Москвы.(И не только)	17279382
izi-go | Поиск событий в Москве	189554404
Прогулки по интересным, необычным местам Москвы	1456979
Экскурсии по Москве(Третьяковская галерея)	50404193
ШОУ-ШКОЛА в Москве	21200419
КУДА ПОЙТИ В МОСКВЕ И ПОДМОСКОВЬЕ.	95965260
Для тех кто хочет влезть в кино и рекламу знать о кастингах и как общаться и находить агентов Для тех кто только приехал в Москву и не знает куда пойти	11571191
Экскурсии по Москве	26436499
ВЕДУЩИЙ	52775634
Экскурсии по заброшенным местам Юго-Запада Москвы	9723788
экскурсии по Москве	191556659
Интересные события в Москве	95157261
Экскурсии по Москве. Бюро экскурсий Альбатрос	68182723
Детская афиша "Куда пойти с ребенком в Москве?"	35253950
Экскурсии по Москве	22383249
Экскурсия по Москве с Овсинским Юрием	152267395
Индивидуальные экскурсии по г. Москва	122605019
Бесплатные события в Москве 31 декабря	33601005
Лихие 90-е. Автомобильная экскурсия по Москве.	148378432
Организаторы мероприятий! Event	1202744
Куда пойти с детьми в Москве?	50492915
Благотворительные экскурсии по Москве	102219162
«Незабываемая Москва» — экскурсии по Москве	98161494
Благотворительный фонд "ШАГ"	122976002
Окрестности Москвы - самые интересные и красивые места подмосковья	2565114
Экскурсии по крышам, свидание на крыше Москвы	95748599
Место интересное  Москва, если честно, а?	2228403
По Москве! Экскурсии экономно:)	71493220
Экскурсии по Moskva City	3845831
ProVmeste события в Москве	104385693
Экскурсия онлайн по Москве и Петербургу	161661028
Экскурсии по заброшенным зданиям Москвы	15592988
Событие в Москве - Секс. Знакомства. Отношения. Часть 2	2066764
Экскурсии по Москве для иностранных студентов	106721273
Лучший город Земли. Экскурсии по Москве	18532099
Rope Jumping Team Gazkos	8024321
Пешеходные и велосипедные экскурсии по Москве	118232192
''РеставросЪ'' ► Экскурсии по монастырям Москвы	59380102
