–ü–µ—Ç–µ—Ä–±—É—Ä–≥ —à–∞–≥ –∑–∞ —à–∞–≥–æ–º	192140734
·É¶‚ô•·É¶–ú–´ –ª—é–±–∏—Ç–µ–ª–∏ —Å–µ—Ä–∏–∞–ª–∞ "–¢–∞–Ω–π–Ω—ã –°–º–æ–ª–≤–∏–ª—è"·É¶‚ô•·É¶	4181080
======================== ‚ñÄ‚ñÑReSpEkT‚ñÄ‚ñÑRePeRs‚ñÄ‚ñÑ ========================	8997171
–ü—Ä–æ–≥—É–ª–∫–∏ –ø–æ –ü–∏—Ç–µ—Ä—É	70892477
–ú–æ–ª–æ–¥–∞—è –ì–≤–∞—Ä–¥–∏—è –ï–¥–∏–Ω–æ–π –†–æ—Å—Å–∏–∏ –ú–û ‚Ññ72	133976503
–ö–ª—É–± –ª—é–±–∏—Ç–µ–ª–µ–π Rap & Hip-Hop	12865604
–ö–õ–Æ–ß –æ—Ç –Ω–µ–ø–∞—Ä–∞–¥–Ω–æ–≥–æ –ü–µ—Ç–µ—Ä–±—É—Ä–≥–∞	36493172
PMG HearthStone Taverne –°–∞–Ω–∫—Ç-–ü–µ—Ç–µ—Ä–±—É—Ä–≥	86128132
–û—Ç –Ω–µ–¥–∞–≤–Ω–∏—Ö –≤—ã–ø—É—Å–∫–Ω–∏–∫–æ–≤ —Å—Ç—É–¥–µ–Ω—Ç–∞–º –ù–ì–£	67548335
#–£–≤–∏–∂—É–í—Å–µ	116074190
–£ –º–µ—Ç—Ä–æ –í–ª–∞–¥–∏–º–∏—Ä—Å–∫–∞—è | –î–æ—Å—Ç–æ–µ–≤—Å–∫–∞—è | –°–ü–±	113620452
–ü–∏—Ç–µ—Ä –¢–í [Piter TV]	40060294
–ö—É–¥–∞ –ø–æ–π—Ç–∏, –∫—É–¥–∞ –ø–æ–¥–∞—Ç—å—Å—è..?	1485249
–°–ï–ú–ò–ù–ê–†–´ –î–õ–Ø –ü–†–û–§–ï–°–°–ò–û–ù–ê–õ–û–í	150057331
guide4you (—ç–∫—Å–∫—É—Ä—Å–∏–∏, –±—Ä–æ–Ω–∏—Ä–æ–≤–∞–Ω–∏–µ: —Ö–æ—Å—Ç–µ–ª—ã, –æ—Ç–µ–ª–∏ –°–ü–ë; –±–∞—Ä—ã, —Ä–µ—Å—Ç–æ—Ä–∞–Ω—ã, –º—É–∑–µ–∏, –¥–æ—Å—É–≥ –∏ –æ—Ç–¥—ã—Ö –≤ –°–∞–Ω–∫—Ç-–ü–µ—Ç–µ—Ä–±—É—Ä–≥–µ)	27645177
–•—É–¥–æ–∂–µ—Å—Ç–≤–µ–Ω–Ω–∞—è —Ñ–æ—Ç–æ—Å—ä—ë–º–∫–∞. –ê–ª–∏—Å–∏—è –ß–µ–ª–∏–Ω–∏.	9876483
–ê—Ä–µ–Ω–¥–∞ –ü–∏—Ç–µ—Ä –ö–≤–∞—Ä—Ç–∏—Ä—ã –ø–æ—Å—É—Ç–æ—á–Ω–æ –°–ü–ë –ê–∫—Ü–∏–∏	112558506
Flirt-party —ç—Ç–æ 20 —Å–≤–∏–¥–∞–Ω–∏–π –∑–∞ 1 –≤–µ—á–µ—Ä	49952586
‚Ä¢‚Ä¢‚Ä¢‚óè –í–ò–ö–¢–û–†–ò–Ø –ë–û–ù–Ø ‚óè VICTORIA BONYA ¬Æ‚Ñ¢ ‚óè‚Ä¢‚Ä¢‚Ä¢	27988145
~ –ò—Ä–∫—É—Ç—Å–∫–∏–π –Ω–æ—á–Ω–æ–π –≤–µ–ª–æ–∑–∞–µ–∑–¥ ~	11612588
Ne–¢–û–¢ –ü–∏—Ç–µ—Ä: St Petersburg 2011!	30834886
–°—ä–µ–º–∫–∏ –¢–§–ü –°-–ü–µ—Ç–µ—Ä–±—É—Ä–≥. –§–æ—Ç–æ—Å–µ—Å—Å–∏—è –ü–∏—Ç–µ—Ä.	71481577
–ò–Ω—Ç–µ—Ä–µ—Å–Ω—ã–µ –º–µ—Å—Ç–∞ –ü–µ—Ç–µ—Ä–±—É—Ä–≥–∞	3632927
IQ–ü–∏—Ç–µ—Ä	155157650
KANG DANIELüíô OPEN UP	152637856
–í –ü–∏—Ç–µ—Ä–µ-–ø–∏—Ç—å!–≠–∫—Å–∫—É—Ä—Å–∏—è –ø–æ –≥–æ—Ä–æ–¥—É.	189926034
–§–∞–ù–∞–¢—ã –ñ—É–†–Ω–ê–ª–ê *BRAVO*	1940826
–û–§–ö –ì—Ä—É–ø–ø—ã "–†–∞–Ω–µ—Ç–∫–∏" –õ–µ–Ω.–æ–±–ª. "Ranetki pozitiv"	12501206
–ö–ª—É–±  –Ω–µ—Ä–∞–≤–Ω–æ–¥—É—à–Ω—ã—Ö –ª—é–¥–µ–π.	110090378
–í–ò–õ–Ø:"–ë–∞–∑–æ–≤–∞—è  —Ç–µ—Ö–Ω–∏–∫–∞: —Å–µ–∫—Ä–µ—Ç—ã —Ç–µ–ª–∞"	62407618
–î–ñ–ê–ó–û–í–´–ï –í–ï–ß–ï–†–ê	29853193
–°–≤–∞–¥—å–±–∞ –ü–∏—Ç–µ—Ä (—É —Å–æ–æ–±—â–µ—Å—Ç–≤–∞ –Ω–æ–≤—ã–π –∞–¥—Ä–µ—Å)	134184568
"–°–ü–ï–®–ò –õ–Æ–ë–ò–ò–¢–¨"	6069254
P_hotosoflife365	162441966
"–¢–∞–Ω—Ü—É—è –ñ–∏–∑–Ω—å"	102903151
–ü–∏—Ç–µ—Ä –û–Ω-–ª–∞–π–Ω	122325663
‚ô•‚ô•‚ô•–¢—É—Ç –≤—Å–µ,–∫—Ç–æ –ª—é–±–∏—Ç Guf–∞ –∏ –ê–π–∑–æ—á–∫—É!!! –ò –≤—Å–µ —á—Ç–æ —Å –Ω–∏–º–∏ —Å–≤—è–∑–∞–Ω–æ...‚ô•‚ô•‚ô•	8903957
–û–∑–¥–æ—Ä–æ–≤–∏—Ç–µ–ª—å–Ω—ã–π –ë–µ–≥ —Å –ë–∞–Ω–µ–π. –ó–∞–Ω—è—Ç–∏—è. –ü–∏—Ç–µ—Ä.	27289432
–û–±—â–µ—Å—Ç–≤–æ –ª—é–±–∏—Ç–µ–ª–µ–π –ú–∞—Å—è–Ω–∏:)))	5350772
–£ –º–µ—Ç—Ä–æ –ü–ª–æ—â–∞–¥—å –ê–ª–µ–∫—Å–∞–Ω–¥—Ä–∞ –ù–µ–≤—Å–∫–æ–≥–æ | –°–ü–±	117543309
–£ –º–µ—Ç—Ä–æ –Æ–≥–æ-–ó–∞–ø–∞–¥–Ω–∞—è (–ö–∞–∑–∞–∫–æ–≤—Å–∫–∞—è) | –°–ü–±	160766161
–§–ò–¢–ù–ï–° –ö–õ–£–ë–´ –°–ê–ù–ö–¢-–ü–ï–¢–ï–†–ë–£–†–ì–ê	1180427
–£ –º–µ—Ç—Ä–æ –û–±—É—Ö–æ–≤–æ | –°–ü–±	187610765
‚òÖ‚òÖ C–∞–º—ã–µ —Å—Ç–∏–ª—å–Ω—ã–µ –∏ –º–æ–¥–Ω—ã–µ ‚òÖ‚òÖ  ‚òÖ‚òÖ–õ—é–±–∏—Ç–µ–ª–∏ –∫–ª—É–±–Ω–æ–π –∂–∏–∑–Ω–∏ ‚òÖ‚òÖ	10632778
"–ì–æ—Ä–æ–¥–∞" - –°–∞–Ω–∫—Ç-–ü–µ—Ç–µ—Ä–±—É—Ä–≥	24571569
–Ø –õ–Æ–ë–õ–Æ –ü–ò–¢–ï–†)))	475499
–ø—Ä–∏–≥–ª–æ—Å–∏—Ç –≤ –≥—Ä—É–ø–ø—É 10 —á–µ–ª–æ–≤–µ–∫,–ø–æ–ª—É—á–∏—Ç +20% —Ä–µ–π—Ç–µ–Ω–≥–∞!!! ‚ñ™ ‚ñÑ‚ñÄ‚ñÑ–ü–ê–ó–ò–¢–ò–§–§‚ñÑ‚ñÄ‚ñÑ [–ü—Ä–∏–≥–ª–∞—Å–∏ –¥—Ä—É–∑–µ–π –∏ –ø–æ–ª—É—á–∏ 5% —Ä–µ–π—Ç–∏–Ω–≥–∞ ] ‚ñ™ €©€û€©‚ñ¨‚ñ¨–°–∫–∞–∂–µ–º –ï–º–æ_–Ω–µ—Ç!!!–ê–Ω—Ç–∏–µ–º–æ ‚ñ¨&a	24304329
GRANITI	75984224
=‚òÖ=‚òÖ=‚òÖ=‚òÖ=‚òÖ=‚òÖ=‚òÖ=‚òÖ=‚òÖ=‚òÖ= Next-Music ''clubXP'' ‚ô™  =‚òÖ=‚òÖ=‚òÖ=‚òÖ=‚òÖ=‚òÖ=‚òÖ=‚òÖ=‚òÖ=‚òÖ=	698288
"–ó–ê –ú–ï–ß–¢–û–ô" - –ü–†–ï–û–ë–†–ê–ñ–ï–ù–ò–ï –ü–ò–¢–ï–†!!!	94929377
–ö–ó–ü–ê –Ω–∞–Ω–æ—Å–∏—Ç –æ—Ç–≤–µ—Ç–Ω—ã–π —É–¥–∞—Ä –ø–æ —ç–≤–∞–∫—É–∞—Ç–æ—Ä–∞–º	1628034
–ê–≤—Ç–æ–ø—Ä–æ–±–µ–≥ –ü–ò–¢–ï–†-–í–õ–ê–î–ò–í–û–°–¢–û–ö	122565019
–í—Å—Ç—Ä–µ—á–∞ –≤—ã–ø—É—Å–∫–Ω–∏–∫–æ–≤ 2008 –≥–∏–º–Ω–∞–∑–∏–∏ ‚Ññ11	164526506
*Master-Class*	14594802
–°–∞–Ω–∫—Ç –ü–µ—Ç–µ—Ä–±—É—Ä–≥	173367559
–ò–Ω—Ç–µ—Ä–µ—Å–Ω—ã–µ –º–µ—Å—Ç–∞ –≤ –°–ø–±	5434551
–ü–ª–∞–Ω–µ—Ç–∞ –ü–∏—Ç–µ—Ä	133395826
–í–æ–ª–æ–≥–¥–∞ <---> –†–æ—Å—Å–∏—è (–ü–∏—Ç–µ—Ä, –ú–æ—Å–∫–≤–∞, –ê—Ä—Ö–∞–Ω–≥–µ–ª—å—Å–∫	46036712
–ù–µ–¥–∞–ª–µ–∫–æ –∏ –∏–Ω—Ç–µ—Ä–µ—Å–Ω–æ	60735165
–£ –º–µ—Ç—Ä–æ –í—ã–±–æ—Ä–≥—Å–∫–∞—è | –°–ü–±	125253493
Exciting english-russian excursion	7180
–ë—Ä–µ–º—è –∫–æ–ª–æ–∫–æ–ª—å—á–∏–∫–æ–≤	180333603
–ê–†–¢–ö–ê –≤ –ª—é–±–æ–π –≥–æ—Ä–æ–¥! –æ–¥–µ–∂–¥–∞ –≤ —Å—Ç–∏–ª–µ –±–æ—Ö–æ ARTKA	72744953
–ö–∞—Ñ–µ-–±–∞—Ä "–†–æ—Ç–æ–Ω–¥–∞"	51715752
–¢–£–†–ò–°–¢–ò–ß–ï–°–ö–ò–ô –ü–û–†–¢–ê–õ   –ú–∏–ª–µ–Ω–∞–¢–£–†–°	22699632
–ü–æ—Ö–æ–¥. –°–≤–æ–±–æ–¥–∞. –ü—Ä–∏–∫–ª—é—á–µ–Ω–∏—è.	6709280
–ù–µ—Å–ø—è—â–∏–µ –≤ Rombouts	69207
–ù—å—é—Ç–æ–Ω –ö–≤–∏–∑ –ü–∏—Ç–µ—Ä	176345785
–ü—É—Ç–µ—à–µ—Å—Ç–≤–∏–µ –ø–æ –≥–æ—Ä–Ω–æ–π –ê–±—Ö–∞–∑–∏–∏	107597859
*****–°–ê–ú–´–ô –õ–£–ß–®–ò–ô –ü–û–î–ê–†–û–ö –ù–ê –ù–û–í–´–ô –ì–û–î-–ü–û–°–¢–ï–õ–¨–ù–û–ï –ë–ï–õ–¨–ï*****	12469232
–ë–µ–ª—ã–µ –Ω–æ—á–∏ –≤ –°–∞–Ω–∫—Ç-–ü–µ—Ç–µ—Ä–±—É—Ä–≥–µ, —ç–∫—Å–∫—É—Ä—Å–∏–∏,—Ç—É—Ä—ã	112362715
–õ—é–±–∏—Ç–µ–ª–∏ –ü–∏—Ç–µ—Ä–∞	235232
–ï–¥–µ–º –≤ –ü–∏—Ç–µ—Ä –∂–∏—Ç—å !!!	1443062
===========================   ‡•ê‚óè‚óè‚Ä¢‚Ä¢–ü–ª—é—Å—Å–∫–∏–π —Ä–∞–π–æ–Ω!!!‚Ä¢‚Ä¢‚óè‚óè‡•ê  ===========================	165674
–ü—É—Ç–µ—à–µ—Å—Ç–≤–∏–µ –≤ –ü–∏—Ç–µ—Ä. –†–æ–∂–¥–µ—Å—Ç–≤–æ	107464747
–§–æ—Ç–æ–≥—Ä–∞—Ñ –°–∞–Ω–∫—Ç - –ü–µ—Ç–µ—Ä–±—É—Ä–≥ | –õ–µ—Ä–∞ –¢—É—Ä–ø–∞–∫	147140798
CEVEP	3107486
–ü–ª–µ–Ω—ç—Ä –≤ –°–∞–Ω–∫—Ç-–ü–µ—Ç–µ—Ä–±—É—Ä–≥–µ	142632055
/////////Sunshine Party 13 —Ñ–µ–≤—Ä–∞–ª—è –ë–£–î–ï–¢ –ñ–ê–†–ö–û.....////////	7304278
–£ –º–µ—Ç—Ä–æ –õ–∞–¥–æ–∂—Å–∫–∞—è | –°–ü–±	104164420
KY–õ–™–¢Y–†–ù–û–ï –ü–û–õ–ï –∫—É–ª—å—Ç—É—Ä–Ω–æ–µ –ø–æ–ª–µ	42043691
ROCK-T-SHIRTS (–†–æ–∫-–ú–∞–≥–∞–∑–∏–Ω ‚òÜ –§—É—Ç–±–æ–ª–∫–∏,–ú–∞–π–∫–∏)	58258741
Bruno Mars..!	31325353
—è –ª—é–±–ª—é –¢–†–ï–® –®–ê–ü–ò–¢–û –ö–ê4	63906
–ú–ê–§–ò–Ø 2	22683983
Bad.Balance(—à–µFF)—Ä–µ–ø –∫–ª–∞–Ω!	2024628
–°–∞–Ω–∫—Ç-–ü–µ—Ç–µ—Ä–±—É—Ä–≥	171795544
Korean Partizzans - –ö–æ—Ä–µ–π—Å–∫–∏–µ –ü–∞—Ä—Ç–∏–∑–∞–Ω—ã	181058330
–ê—Ñ–∏—à–∞. –í–µ—á–µ—Ä –ø—è—Ç–Ω–∏—Ü—ã –∏ –≤—ã—Ö–∏ –≤ –ü–∏—Ç–µ—Ä–µ	162407955
–ü–∏—Ç–µ—Ä	44056605
–ü–∏—Ç–µ—Ä –¥–ª—è —Ç—É—Ä–∏—Å—Ç–∞	55170957
–ü—Ä–æ–≥—É–ª–∫–∏ –ø–æ –•–µ–ª—å—Å–∏–Ω–∫–∏	27423989
XIII –ø—Ä–µ–º–∏—è –∏–º–µ–Ω–∏ –ü–ò–¢–ï–†–ê –î–†–ê–ö–ï–†–ê	8932102
–ö–∞–∫ –≤–∑—è—Ç—å –ë–µ—Å–ø—Ä–æ—Ü–µ–Ω—Ç–Ω—ã–π –ö—Ä–µ–¥–∏—Ç	10866983
–§–æ—Ç–æ-—ç–∫—Å–∫—É—Ä—Å–∏–∏ –∏ –ø—Ä–æ–≥—É–ª–∫–∏: –î–∞—Ä—é —Å–≤–æ–π –ü–µ—Ç–µ—Ä–±—É—Ä–≥	67462991
–ú–æ–¥–µ–ª—å/–§–æ—Ç–æ–≥—Ä–∞—Ñ/–í–∏–∑–∞–∂–∏—Å—Ç —Å–≤–æ–±–æ–¥–Ω–æ–≥–æ –¥–Ω—è. –ü–∏—Ç–µ—Ä.	54206084
–ö—É–¥–∞ —Å—Ö–æ–¥–∏—Ç—å –≤ –ü–∏—Ç–µ—Ä–µ | –ú–µ—Å—Ç–∞ –∏ —Å–æ–±—ã—Ç–∏—è –≤ –°–ü–±	183128663
Four Seasons Party	65244784
–°–∞–Ω–∫—Ç-–ü–µ—Ç–µ—Ä–±—É—Ä–≥ –æ–Ω–ª–∞–π–Ω	89378999
‚Üî–ü–∏—Ç–µ—Ä –∏ –ú–æ—Å–∫–≤–∞ —Å–∞–º—ã–π –∫—Ä–∞—Å–∏–≤—ã–π, –∏ —Å–∞–º—ã–π —Ä–æ–º–∞–Ω—Ç–∏—á–Ω—ã–π –≥–æ—Ä–æ–¥! –Ø –µ–≥–æ –ª—é–±–ª—é!‚Üî	2114930
‚ô•‚ô•‚ô• –ü—Ä–æ—Å—Ç—ã–µ —Å—Ç—Ä–æ–∫–∏ –æ –ª—é–±–≤–∏ ‚ô•‚ô•‚ô•	42684634
–ü–∏—Ç–µ—Ä, –∫–æ—Ç–æ—Ä–æ–≥–æ –≤—ã –Ω–µ –∑–Ω–∞–µ—Ç–µ.	88350449
BAD BALANCE	6449897
–£ –º–µ—Ç—Ä–æ –ö–∏—Ä–æ–≤—Å–∫–∏–π –∑–∞–≤–æ–¥ | –ö–∏—Ä–∑–∞ –°–ü–±	117548696
–ö–∏–µ–≤ —Å—Ç–∞–π–ª	16584644
–≠–∫—Å–∫—É—Ä—Å–∏–∏ –ø–æ –∑–∞–±—Ä–æ—à–∫–∞–º –ø–∏—Ç–µ—Ä–∞	8289778
"–ü–æ–π–¥–µ–º!" - —ç–∫—Å–∫—É—Ä—Å–∏–∏ - –ø—Ä–æ–≥—É–ª–∫–∏ –ø–æ –ü–∏—Ç–µ—Ä—É	39429827
"–°–ø–µ—à–∏ –ª—é–±–∏—Ç—å"-—Å—É–ø–µ—Ä—Å–∫–∏–π —Ñ–∏–ª—å–º	1226882
Old Piter Gang	141417867
–°–∞–Ω–∫—Ç-–ü–µ—Ç–µ—Ä–±—É—Ä–≥	171797498
History Eye ‚Äì –ó–∞–≥–ª—è–Ω—É—Ç—å –≤ –ø—Ä–æ—à–ª–æ–µ.	111687124
–ö–∞–ª–µ–Ω–¥–∞—Ä—å —Å–æ–±—ã—Ç–∏–π –≤ –ü–∏—Ç–µ—Ä–µ	168019790
–í—ã–ø—É—Å–∫ 1995–≥. —à–∫–æ–ª—ã ‚Ññ270 "25 –ª–µ—Ç —Å–ø—É—Å—Ç—è"	95143866
–î–∞–í–∞–π–¢–µ –ó–∞–ú—É–¢–∏–ú —Å–•–æ–î–∫–£ —Ñ–ê–Ω–ê—Ç–û–≤ TOKIO HOTEL –≤ –ö–æ–õ–ø–ò–Ω–û???=)))	2236536
–£ –º–µ—Ç—Ä–æ –ü—É—Ç–∏–ª–æ–≤—Å–∫–∞—è | –°–ü–±	170163132
DMC Alex Thierry	1777546
Rushguide.ru-–ö—É–¥–∞ –ø–æ–π—Ç–∏ –≤ –ü–∏—Ç–µ—Ä–µ	60761937
–ü–∏—Ç–µ—Ä - –ú–æ—Å–∫–≤–∞	257591
–ê—Ç–º–æ—Å—Ñ–µ—Ä–Ω—ã–π –∫–ª—É–± "–ì—É–¥–≤–∏–Ω"	148441675
–ù–µ–∑–∞–±—ã–≤–∞–µ–º—ã–µ —ç–∫—Å–∫—É—Ä—Å–∏–∏ –ø–æ –ü–∏—Ç–µ—Ä—É!	72323878
–ü—Ä–æ—Å—Ç—Ç—Ç	132610106
–ì–¥–µ –≤ –ü–µ—Ç–µ—Ä–±—É—Ä–≥–µ? –ì–¥–µ –≤ –ü–∏—Ç–µ—Ä–µ?	44470978
–£ –º–µ—Ç—Ä–æ –ü–ª–æ—â–∞–¥—å –ú—É–∂–µ—Å—Ç–≤–∞ | –ú—É–∂–∞–∫ –°–ü–±	125250807
–ù–∞—à–ª–æ—Å—å –≤ –ü–∏—Ç–µ—Ä–µ.	148139496
–†–∞–±–æ—Ç–∞ –ø—Ä–æ–º–æ—É—Ç–µ—Ä–æ–º. "–†–µ–∫–ª–∞–º–Ω–∞—è –≥—Ä—É–ø–ø–∞ 3–ö–æ"	21391186
–ò—â–µ–º –¥—Ä—É–∑–µ–π –∏ —Å–≤–æ—é –ª—é–±–æ–≤—å=)	16568962
Bang & Olufsen	45431675
<>–ö–¢–û –õ–Æ–ë–ò–¢  RNB –∏–ª–∏ —á—Ç–æ —Ç–æ –¥—Ä—É–≥–æ–µ (–ø—Ä–∏—Å–æ–µ–¥–∏–Ω—è–µ–º—Å—è)	8744911
–¶–µ–Ω—Ç—Ä –¥–ª—è –ø–æ–∂–∏–ª—ã—Ö –ª—é–¥–µ–π –°–ü–ë –ü–∏—Ç–µ—Ä	79376458
–î–û–õ "–ë–µ—Ä–µ–∑–∫–∞-–ê–±—Å—É—Ä–¥"	265177
Peter Gric	13829321
–ü–ï–¢–ï–†–ë–£–†–ì–°–ö–ò–ô –ë–û–ì–ï–ú–ù–ò–ö (–ª–∏—Ç–µ—Ä–∞—Ç—É—Ä–Ω–æ-–ø–æ—ç—Ç–∏—á–µ—Å–∫–∏–π)	37467469
–£ –º–µ—Ç—Ä–æ –ü–æ–ª–∏—Ç–µ—Ö–Ω–∏—á–µ—Å–∫–∞—è | –°–ü–±	125009970
*–≠–ö–°–ö–£–†–°–ò–ò –ü–û –°–ê–ù–ö–¢-–ü–ï–¢–ï–†–ë–£–†–ì–£ * "–ü–û–†–ê –í –ü–ò–¢–ï–†"	110916873
–ï–∂–∏ –∑–¥–µ—Å—å, –∑–¥–µ—Å—å –≤—Å–µ. Tonight we are young!	56200832
–∞—Ä–µ–Ω–¥–∞ –∫–∞—Ç–µ—Ä–æ–≤, —è—Ö—Ç. –ø—Ä–æ–≥—É–ª–∫–∏ –ø–æ —Ä–µ–∫–∞–º –∏ –∫–∞–Ω–∞–ª–∞–º	120497389
vp / –≤–µ–ª–æ–ø—Ä–æ–≥—É–ª–∫–∏ –õ–µ–Ω–∏–Ω–≥—Ä–∞–¥—Å–∫–∞—è –æ–±–ª–∞—Å—Ç—å –∏ –°–ü–±	86046840
"–ù–ê–ë–õ–Æ–î–ê–Æ –ó–ê –ú–£–ñ–ß–ò–ù–û–ô" - –ó–ê–ö–†–´–¢–´–ï –ñ–ï–ù–°–ö–ò–ï –í–ï–ß–ï–†–ò–ù–ö–ò –í –°–ê–ù–ö–¢-–ü–ï–¢–ï–†–ë–£–†–ì–ï	203232
–ö–∞—Ä—å–µ—Ä–Ω—ã–π –∫–æ—É—á–∏–Ω–≥: –∫–∞–∫ —Å—Ç–∞—Ç—å –¥–æ–≤–æ–ª—å–Ω—ã–º —Ä–∞–±–æ—Ç–æ–π	152842449
Backspace	2065613
–≠—Ç–æ –ü–∏—Ç–µ—Ä –¥–µ—Ç–∫–∞	197754268
–ï—Å—Ç—å –ø–ª–∞–Ω—ã –Ω–∞ –≤–µ—á–µ—Ä!? | –°–ü–ë	153543906
–†–∞–±–æ—Ç–∞!!–æ—Ç 15 –¥–æ 22 –ª–µ—Ç!!–ü–∏—Ç–µ—Ä!!!	4628726
CLUB TV - –û–Ω–ª–∞–π–Ω –≤–∏–¥–µ–æ—Ç—Ä–∞–Ω—Å–ª—è—Ü–∏–∏ –∫–ª—É–±–Ω–æ–π –∂–∏–∑–Ω–∏ –°–∞–Ω–∫—Ç-–ü–µ—Ç–µ—Ä–±—É—Ä–≥–∞!	35405627
–ù–û–ß–ù–ê–Ø –≠–ö–°–ö–£–†–°–ò–Ø –ü–û –ü–ò–¢–ï–†–£ + –†–ê–ó–í–û–î –ú–û–°–¢–û–í	73055401
–£ –º–µ—Ç—Ä–æ –ù–∞—Ä–≤—Å–∫–∞—è | –°–ü–±	100332915
–≠–∫—Å–∫—É—Ä—Å–∏–∏ –∏ —Ä–∞–∑–≤–ª–µ–∫–∞—Ç–µ–ª—å–Ω—ã–µ –º–µ—Ä–æ–ø—Ä–∏—è—Ç–∏—è)))	34431397
APSHELL	7346986
–£ –º–µ—Ç—Ä–æ –£–¥–µ–ª—å–Ω–∞—è | –£–¥–µ–ª–∫–∞ –°–ü–±	104164489
‚ñ¨‚ñ¨‚ñ¨‚ñ¨‚ñ¨‚ñ¨‚ñ¨‚ñ¨‚ñ¨‚ñ¨‚ñ¨‚ñ¨‚ñ¨‚ñ¨‚ñ¨‚ñ¨–ö–ª—É–± –≤–ª–∞–¥–µ–ª—å—Ü–µ–≤ Nokia‚ñ¨‚ñ¨‚ñ¨‚ñ¨‚ñ¨‚ñ¨‚ñ¨‚ñ¨‚ñ¨‚ñ¨‚ñ¨‚ñ¨‚ñ¨‚ñ¨‚ñ¨‚ñ¨	7629069
–ö–ª—É–± –§—É—Ç–±–æ–ª—å–Ω—ã—Ö –ü—Ä–æ–≥–Ω–æ–∑–∏—Å—Ç–æ–≤	1065523
–í –æ—Ç–ø—É—Å–∫ –Ω–∞ –º–æ—Ä–µ, –æ—Ç–¥—ã—Ö, –ø—Ä–∏–≥–ª–∞—à—É! –ø—Ä–∏–≥–ª–∞—à—É—Å—å)	180851237
–ê–Ω—Ç–∏–º–æ—Å–∫–æ–≤—Å–∫–æ–µ —Å–æ–ø—Ä–æ—Ç–∏–≤–ª–µ–Ω–∏–µ	5818572
JeDwArD	40070236
–£ –º–µ—Ç—Ä–æ –õ–∏–≥–æ–≤—Å–∫–∏–π –ø—Ä–æ—Å–ø–µ–∫—Ç | –õ–∏–≥–æ–≤–∫–∞ –°–ü–±	119426330
–£ –º–µ—Ç—Ä–æ –ì–æ—Å—Ç–∏–Ω—ã–π –î–≤–æ—Ä | –ì–æ—Å—Ç–∏–Ω–∫–∞ –°–ü–±	126133036
–ü–æ –ü–∏—Ç–µ—Ä—É –Ω–∞ –∫–∞—Ç–µ—Ä–µ	124060928
‚òÖ –ö–ª—É–± –°–ê–ú - –°–∞–º–æ–π –ê–∫—Ç–∏–≤–Ω–æ–π –ú–æ–ª–æ–¥–µ–∂–∏ ‚òÖ	17381615
–£ –º–µ—Ç—Ä–æ –ü—Ä–∏–º–æ—Ä—Å–∫–∞—è | –°–ü–±	123838799
INFINITE RAVE –≤ –ú–ê–ê–í–ò	73372209
Giles, Giles & Fripp	4110972
–ò–Ω–¥–∏–≤–∏–¥—É–∞–ª—å–Ω—ã–µ —ç–∫—Å–∫—É—Ä—Å–∏–∏! –ü—Ä–∏—ë–º –≥–æ—Å—Ç–µ–π –≤ –°–ü–±!	24684626
---===( –ù–ï–í–°–ö–ò–ô –í–ò–†–ê–ñ )===---	9663927
–§–æ—Ç–æ–≤—ã—Å—Ç–∞–≤–∫–∞ –°–∞–Ω–∫—Ç-–ü–µ—Ç–µ—Ä–±—É—Ä–≥ - –ì–æ—Ä–æ–¥ –£–ª—ã–±–æ–∫ :)	18191958
–£ –º–µ—Ç—Ä–æ –ü–∏–æ–Ω–µ—Ä—Å–∫–∞—è | –°–ü–±	112054373
–°–õ–£–ß–ê–ô–ù–´–ï –°–í–Ø–ó–ò, –ó–ù–ê–ö–û–ú–°–¢–í–ê –°–ï–ö–° –ë–ï–ó –û–ë–Ø–ó–ê–¢–ï–õ–¨–°–¢–í –ò –í –ò–ù–¢–ï–†–ï–°–ù–´–• –ú–ï–°–¢–ê–• –ü–ò–¢–ï–†–ê !!!	2841408
–£ –º–µ—Ç—Ä–æ –ó–µ–Ω–∏—Ç –≤ –°–ü–±	160765920
–ò–Ω—Ç–µ—Ä–µ—Å–Ω—ã–π –ü–∏—Ç–µ—Ä	53051572
Chloe Grace Moretz | –•–ª–æ—è –ì—Ä–µ–π—Å –ú–æ—Ä–µ—Ç—Ü	24036792
‚òÖ‚òÖ‚òÖ –ù–æ—á–Ω–æ–π –∫–ª—É–± AdRiNaLiN‚òÖ‚òÖ‚òÖ	10941171
–£ –º–µ—Ç—Ä–æ –û–∑–µ—Ä–∫–∏ | –°–ü–±	115136125
PITERSEARCH - –ó–Ω–∞–∫–æ–º—Å—Ç–≤–∞ –≤ –ü–∏—Ç–µ—Ä–µ (–°–ü–ë)	59774303
–§–û–¢–û–ü–†–û–ì–£–õ–ö–ê | –§–æ—Ç–æ—Å–µ—Å—Å–∏—è –ú–∏–Ω—Å–∫, –°–ü–±	88780712
Dillion Harper	137218579
Photographer Zaytsev Anton	23154196
"–Ø–º–∞–∫–∞—Å–∏" –ë–ª–∞–≥–æ—Ç–≤–æ—Ä–∏—Ç–µ–ª—å–Ω–∞—è –∏–≥—Ä–∞ –ø–æ –Ω–æ—á–Ω–æ–º—É –ü–∏—Ç–µ—Ä—É	20137375
–ö—É–¥–∞ –ø–æ–π—Ç–∏ –≤ –ü–∏—Ç–µ—Ä–µ?	46642336
–ó–Ω–∞–∫–∏	36244378
–ü–æ–µ–∑–¥–∫–∞ –≤ –ü–∏—Ç–µ—Ä –Ω–∞ –º–∞–π—Å–∫–∏–µ –ø—Ä–∞–∑–¥–Ω–∏–∫–∏ 01.05 - 03.05	8288038
–ò–Ω—Ç–µ—Ä–µ—Å–Ω—ã–µ –º–µ—Å—Ç–∞ –∏ —Å–æ–±—ã—Ç–∏—è –≤ –ü–∏—Ç–µ—Ä–µ	49634572
–£ –º–µ—Ç—Ä–æ –î—É–Ω–∞–π—Å–∫–∞—è | –°–ü–±	160765785
–ö—É–¥–∞ –ø–æ–π—Ç–∏ —Å –¥–µ—Ç—å–º–∏ –≤ –ü–∏—Ç–µ—Ä–µ –±–µ—Å–ø–ª–∞—Ç–Ω–æ/–ê—Ñ–∏—à–∞ –°–ü–±	44464053
–†–µ–ø.–±–∞–∑–∞ –°—Ç–∞–ª–∏–Ω–≥—Ä–∞–¥(–°–ü–ë)	150061526
–ô–æ–≥–∞, –º–µ–¥–∏—Ç–∞—Ü–∏—è, —Ç–µ–ª–µ—Å–Ω—ã–µ –∏ –¥—ã—Ö–∞—Ç–µ–ª—å–Ω—ã–µ –ø—Ä–∞–∫—Ç–∏–∫–∏	156260433
–£ –º–µ—Ç—Ä–æ –ê–≤—Ç–æ–≤–æ | –°–ü–±	117548526
–û—Ç–∫—Ä—ã–≤–∞–π –ü–∏—Ç–µ—Ä!	46488070
–ú–æ–∏ –ü—É—Ç–µ—à–µ—Å—Ç–≤–∏—è	51774324
–£ –º–µ—Ç—Ä–æ –ê–¥–º–∏—Ä–∞–ª—Ç–µ–π—Å–∫–∞—è | –°–ü–±	117547049
–£ –º–µ—Ç—Ä–æ –≠–ª–µ–∫—Ç—Ä–æ—Å–∏–ª–∞ | –°–ü–±	126357677
<<<–ù–∞–ø–µ—Ä–µ–≥–æ–Ω–∫–∏ –ø–æ –ü–∏—Ç–µ—Ä—É>>>	1668328
–ù–ü - –ò–Ω—Ñ–æ—Ä–º–∞—Ü–∏–æ–Ω–Ω–æ–µ –¢—É—Ä–∏—Å—Ç–∏—á–µ—Å–∫–æ–µ –ø—Ä–æ—Å—Ç—Ä–∞–Ω—Å—Ç–≤–æ	55359079
–£ –º–µ—Ç—Ä–æ –ù–æ–≤–æ—á–µ—Ä–∫–∞—Å—Å–∫–∞—è | –°–ü–±	104164527
–£ –º–µ—Ç—Ä–æ –ë–æ—Ä–æ–≤–∞—è | –°–ü–±	160766231
Derek "Fish" Dick (ex - Marillion)	24913541
–£ –º–µ—Ç—Ä–æ –ß–µ—Ä–Ω–∞—è —Ä–µ—á–∫–∞ | –°–ü–±	112763352
–£ –º–µ—Ç—Ä–æ –ü–ª–æ—â–∞–¥—å –õ–µ–Ω–∏–Ω–∞ | –§–∏–Ω–±–∞–Ω –°–ü–±	135516568
"YOU + –ü–ò–¢–ï–†" –≠–ö–°–ö–£–†–°–ò–ò –ü–û –ü–ï–¢–ï–†–ë–£–†–ì–£	108646634
–í–°–ï –ü–†–û –ü–ò–¢–ï–† –ò–ó–ù–£–¢–†–ò	31424797
–§–ª—ç—à –º–æ–±. –ú–∞—Å—Å–æ–≤–∫–∞ –∫ —Ñ–∏–ª—å–º—É.	21414212
–£ –º–µ—Ç—Ä–æ –ü—Ä–æ—Å–ø–µ–∫—Ç –í–µ—Ç–µ—Ä–∞–Ω–æ–≤ | –í–µ—Ç–µ—Ä–∫–∏ –°–ü–±	117547871
Life on Mars / –ñ–∏–∑–Ω—å –Ω–∞ –ú–∞—Ä—Å–µ - –ê–º–µ—Ä–∏–∫–∞–Ω—Å–∫–∞—è –≤–µ—Ä—Å–∏—è, —Ñ–∞–Ω-–≥—Ä—É–ø–ø–∞	18764424
–£ –º–µ—Ç—Ä–æ –ß–µ—Ä–Ω—ã—à–µ–≤—Å–∫–∞—è | –°–ü–±	114369331
–î–∞, —ç—Ç–æ –û–ù! –≠—Ç–æ –º–æ–π –ü–∏—Ç–µ—Ä!	40099255
–§–ï–°–¢–ò–í–ê–õ–¨ AERO–ì–†–ê–§–ò–ò	4303256
‚ñà‚ñà->> Dogging *SPb <<-‚ñà‚ñà->> –î–æ–≥–≥–∏–Ω–≥ –≤ –°–ü–± <<-‚ñà‚ñà‚ôÄ‚ôÄ‚ôÄ‚ôÇ‚ôÄ‚ôÄ‚ôÄ	4154247
–§—Ä–æ–ª–æ–≤–æ "–ù–æ—á–Ω–æ–π –î–æ–∑–æ—Ä"	8756944
HOUSE M.D. - –î–æ–∫—Ç–æ—Ä –•–∞—É—Å	7322893
–ú–∞—à–∞ –ú–∏—à–∞ Marriage	73027428
–£ –º–µ—Ç—Ä–æ –ë—É—Ö–∞—Ä–µ—Å—Ç—Å–∫–∞—è | –°–ü–±	127575814
–ò–Ω–≤–µ—Å—Ç–∏—Ü–∏–∏ –≤ –Ω–µ–¥–≤–∏–∂–∏–º–æ—Å—Ç—å –ë–∞—Ç—É–º–∏.	72656607
‚ô•–í–°–ï–ú–ò–†–ù–´–ô –î–ï–ù–¨ –ü–†–û–ì–£–õ–û–í –í –ü–ò–¢–ï–†–ï‚ô•	357775
–ü–∏—Ç–µ—Ä –Ω–∞—à–∏–º–∏ –≥–ª–∞–∑–∞–º–∏	58494367
–∏–≥—Ä–∞ " –î–û–ó–û–†" –≤ –ë–æ–≥–æ—Ä–æ–¥—Å–∫–æ–º —Ä–∞–π–æ–Ω–µ.	17128629
!)))))$$$~~~–õ—é–±–∏—Ç–µ–ª–∏ –ù–û–ß–ù–û–ô –ñ–ò–ó–ù–ò~~~$$$(((((!	4424056
Buena Tanda	19039558
–≠–∫—Å–∫—É—Ä—Å–∏–∏ –Ω–∞ —Ä–æ–ª–∏–∫–∞—Ö –ø–æ –ü–∏—Ç–µ—Ä—É	122797098
–ê —á—Ç–æ –≤ –ü–∏—Ç–µ—Ä–µ	196262965
*****–õ–£–ß–®–ò–ô –ü–û–î–ê–†–û–ö –î–õ–Ø –í–ê–° –ò –í–ê–®–ò–• –ë–õ–ò–ó–ö–ò–•!*****	13116846
–û—Ñ–∏—Ü–∞–ª—å–Ω–∞–π –≥—Ä—É–ø–ø–∞ —Å–∞–π—Ç–∞ Geometria.ru "–°—É—Ä–≥—É—Ç"	10403421
–£ –º–µ—Ç—Ä–æ –¢–µ—Ö–Ω–æ–ª–æ–≥–∏—á–µ—Å–∫–∏–π –∏–Ω—Å—Ç–∏—Ç—É—Ç, –¢–µ—Ö–Ω–æ–ª–æ–∂–∫–∞ –°–ü–±	125557522
–ö–ê–ö –ó–ê–†–ê–ë–ê–¢–´–í–ê–¢–¨ –í –ö–†–ò–ó–ò–° 2020	180669242
–î–ê–†–Æ –¢–ï–ë–ï –ö–ù–ò–ì–£,  –ú–ê–õ–´–® !   ( —á–∞—Å—Ç—å 2)	837850
"–ü—Ä–æ –ü–∏—Ç–µ—Ä –ü—Ä–æ—Å—Ç–æ" - —Å –Ω–∞–º–∏ –≥–æ—Ä–æ–¥ –∫–∞–∫ –Ω–∞ –ª–∞–¥–æ–Ω–∏	153270120
–•–æ—Å—Ç–µ–ª –°–∞–Ω–∫—Ç-–ü–µ—Ç–µ—Ä–±—É—Ä–≥ –ü–∏—Ç–µ—Ä –°–ü–ë –õ–∏–≥–æ–≤—Å–∫–∏–π –ø—Ä.	153288357
–ü—É—Ç–µ–≤–æ–¥–∏—Ç–µ–ª—å –ø–æ –ü–∏—Ç–µ—Ä—É	55508380
-==FALL OUT BOY==- –¥–ª—è —Ñ–∞–Ω–∞—Ç–æ–≤ –∏ –¥–ª—è —Ç–µ—Ö –∫—Ç–æ –ø—Ä–æ—Å—Ç–æ —Ö–≤–∞–ª–∏—Ç –∏—Ö —Ç–≤–æ—Ä—á–µ—Å—Ç–≤–æ__!!!	1657492
‚ñÄ‚ñÑ‚ñÄ‚ñÑ‚ñÄ‚ñÑ===–î–æ–ø–æ–ª–Ω–∏—Ç–µ–ª—å–Ω—ã–π –∑–∞—Ä–∞–±–æ—Ç–æ–∫ –¥–ª—è –º–æ–ª–æ–¥—ë–∂–∏ –∏ –ø–µ–Ω—Å–∏–æ–Ω–µ—Ä–∞–º(c 13-14 –¥–æ 50–ª–µ—Ç)===‚ñÄ‚ñÑ‚ñÄ‚ñÑ‚ñÄ‚ñÑ	8607829
Bad Company "Live For The Music"	19057585
–ü–∏—Ç–µ—Ä –∏ –õ–µ–Ω.–æ–±–ª–∞—Å—Ç—å. –ù–∞–¥–æ –ø–æ—Å–µ—Ç–∏—Ç—å —ç—Ç–∏ –º–µ—Å—Ç–∞!	188351785
–í–°–ï –ê–ö–¶–ò–ò –ü–ò–¢–ï–†–ê!  –ò –ò–ù–¢–ï–†–ï–°–ù–´–ï –ù–ï–î–û–†–û–ì–ò–ï –ú–ï–°–¢–ê	98197901
–£ –Ω–∞—Å –≤ –ü–∏—Ç–µ—Ä–µ |–û–Ω–ª–∞–π–Ω, –æ—Ñ–ª–∞–π–Ω —Å–æ–±—ã—Ç–∏—è, –≤–µ–±–∏–Ω–∞—Ä—ã	69279977
–£ –º–µ—Ç—Ä–æ –ü–ª–æ—â–∞–¥—å –í–æ—Å—Å—Ç–∞–Ω–∏—è | –°–ü–±	112764889
Dismals	121828991
5—ã–π —Å–µ–∑–æ–Ω, –≠—Ç–æ –∏–Ω—Ç–µ—Ä–µ—Å–Ω–æ, –§–∏–ª—å–º—ã –Ω–æ–≤–∏–Ω–∫–∏ –∫–∏–Ω–æ –ø—Ä–µ–º—å–µ—Ä—ã –≤–∏–¥–µ–æ —Å–µ—Ä–∏–∞–ª—ã –º—É–ª—å—Ç—Ñ–∏–ª—å–º—ã –∫–ª–∏–ø—ã –°.., –ø—Å–∏—Ö–∏-—Ö–∏-—Ö–∏-—Ö–∏-—Ö–∏-—Ö–∏-—Ö–∏-—Ö–∏-—Ö–∏-—Ö–∏-—Ö–∏-—Ö–∏-—Ö–∏-—Ö–∏-—Ö–∏-—Ö–∏-—Ö–∏-—Ö–∏-—Ö–∏-—Ö–∏.., –û—Ñ–∏—Ü–∏–∞–ª—å–Ω–∞—è –≥—Ä—É–ø–ø–∞ –∏–≥—Ä—ã –ë–æ–π —Å —Ç–µ–Ω—å—é, –¢—é—Ä—è–≥–∞ –æ—Ñ–∏—Ü–∏–∞–ª—å–Ω–∞—è –≥—Ä—É–ø–ø–∞ –∏–≥—Ä—ã, –ù–æ–≤—ã–π –ì–æ–¥ –∫ –Ω–∞–º –º—á–∏—Ç—Å—è, –û–¥–µ—Ä	32445489
‚òº-–ü—Ä–æ–≥—É–ª–∫–∏ –ø–æ –ü–∏—Ç–µ—Ä—É-‚òº	31082577
‚ô™ Still Water‚ô™ 15 –¥–µ–∫–∞–±—Ä—è –∫–ª—É–± vinyl story –∫–æ–Ω—Ü–µ	3850744
‚òÖ‚òÖ‚òÖ SENSATION Trip ‚òÖ‚òÖ‚òÖ –¢—É–ª–∞-–ü–∏—Ç–µ—Ä-–¢—É–ª–∞	36303507
–ë–µ—Å–ø–ª–∞—Ç–Ω–æ –≤ –ü–∏—Ç–µ—Ä–µ I –∫—É–¥–∞ –ø–æ–π—Ç–∏  I –∞—Ñ–∏—à–∞	192469965
BlackJuice	171908442
@–°–∞–Ω–∫—Ç-–ü–µ—Ç–µ—Ä–±—É—Ä–≥: –ª—É—á—à–µ–µ –¥–ª—è —Ç—É—Ä–∏—Å—Ç–∞!!!@(–ò–ª–∏ –¥–ª—è —Ç–µ—Ö, –∫—Ç–æ –±—Ä–µ–¥–∏—Ç –ü–∏—Ç–µ—Ä–æ–º!)	5172282
DozoR Obninsk	6365112
"Coffee Bar "Rombouts"	22825135
–£ –º–µ—Ç—Ä–æ –ú–∞—è–∫–æ–≤—Å–∫–∞—è | –ú–∞—è–∫–æ–≤–∫–∞ –°–ü–±	124844925
–≠–∫—Å–∫—É—Ä—Å–∏–∏ –ø–æ –ü–µ—Ç–µ—Ä–±—É—Ä–≥—É. –ù–æ–≤–æ—Å—Ç–∏ –°–æ–±—ã—Ç–∏—è –ü–∏—Ç–µ—Ä.	28981598
–¢–∞–∫–æ–π –ü–∏—Ç–µ—Ä | –ò–Ω—Ç–µ—Ä–µ—Å–Ω—ã–µ —Å–æ–±—ã—Ç–∏—è –∏ –º–µ—Å—Ç–∞	154434953
‚ñÄ‚ñÑ‚ñÄ‚ñÑ–ö–õ–£–ë–ù–û–ï –¢–ê–ö–°–ò, –ê–í–¢–û–ë–£–°–ù–´–ô –¢–£–† –ù–ê SENSATION ‚úî	10770557
**–ù–∏–∫–∏—Ç–∞(–¥–µ–ª—å—Ñ–∏–Ω) –ü–∞–Ω—Ñ–∏–ª–æ–≤)))	16175882
–ü–∏—Ç–µ—Ä –°–µ–≥–æ–¥–Ω—è [PiterSegodnia]	52925334
–•–∏—Ç—Ä—ã–π –°—Ç—É–¥–µ–Ω—Ç | –≤—Å—ë –Ω–∞ —Ö–∞–ª—è–≤—É	3345948
17 –Ø–ù–í–ê–†–Ø ‚òÖ–°–ê–ú–ê–Ø –õ–£–ß–®–ê–Ø –í–ï–ß–ï–†–ò–ù–ö–ê –ë–ß–• RW‚òÖ @ –ë–∞—Ä—Ö–∞—Ç Club	6821247
15-18.08 –í–µ–ª–∏–∫–∞—è –ú–∞ ‚Äî —à–∞–±–∞—à –≤ –ü–∏—Ç–µ—Ä–µ	118799300
SERREAL —Ñ–æ—Ç–æ–≥—Ä–∞—Ñ	174220335
–î–ï–ù–¨ –ù–ê –§–†–ê–ù–¶–£–ó–°–ö–û–ú	40627970
–í –¶–µ–Ω—Ç—Ä–µ –°–æ–±—ã—Ç–∏–π. –ü–∏—Ç–µ—Ä || –∞–Ω–æ–Ω—Å—ã, –∞—Ñ–∏—à–∞ –°–ü–±	34489015
–ö–≤–µ—Å—Ç—ã –ø–∏—Ç–µ—Ä|–ö–≤–µ—Å—Ç —Å–ø–±|–ö–æ—Ä–ø–æ—Ä–∞—Ç–∏–≤ —Å–ø–±|–í—ã–ø—É—Å–∫–Ω–æ–π	107728354
–ü–µ—Ç–µ—Ä–±—É—Ä–≥ –ø–æ—Å—É—Ç–æ—á–Ω–æ | –∫–≤–∞—Ä—Ç–∏—Ä—ã | —Ö–æ—Å—Ç–µ–ª—ã | –¥–æ–º–∞	154787581
–£ –º–µ—Ç—Ä–æ –ú–µ–∂–¥—É–Ω–∞—Ä–æ–¥–Ω–∞—è | –°–ü–±	106471669
‚ñÇ‚ñÉ‚ñÖ‚ñá_____ –í—Å–µ—É–∫—Ä–∞–∏–Ω—Å–∫–∏–π —Ñ–∞–Ω –∫–ª—É–± –°–ª–∞–≤–∏–∫–∞ "–î–≤–µ—Ä–∏ –∑–∞–ø–∏–ª–∏"_____ ‚ñá‚ñÖ‚ñÉ‚ñÇ	4943177
–ö–∞—Ñ–µ –û—Ç –ü–∏—Ç–µ—Ä–∞ –¥–æ –ú–æ—Å–∫–≤—ã	98638637
–ó–ê –†–û–î–ò–ù–£! / –õ–µ–Ω–∏–Ω–≥—Ä–∞–¥—Å–∫–∞—è –æ–±–ª–∞—Å—Ç—å.	188049213
–ú–∏–Ω–∏ –æ—Ç–µ–ª—å "–§–µ–Ω–∏–∫—Å", –ü–∏—Ç–µ—Ä, –°–∞–Ω–∫—Ç –ü–∏—Ç–µ—Ä–±—É—Ä–≥, —Å–ø–±	173122806
Axis Powers Hetalia | Principality of Sealand	44732175
~*–ö–ª—É–±–Ω–∞—è –∂–∏–∑–Ω—å*~	2279130
–£ –º–µ—Ç—Ä–æ –°–µ–Ω–Ω–∞—è –ø–ª.| –°–∞–¥–æ–≤–∞—è | –°–ø–∞—Å—Å–∫–∞—è | –°–ü–±	104164512
–ü–∏—Ç–µ—Ä: 5 –∏–Ω—Ç–µ—Ä–µ—Å–Ω—ã—Ö –º–µ—Å—Ç –∏ —Ñ–∞–∫—Ç–æ–≤	146491360
Dolce Vita!!!! –ü—Ä–æ–¥—É–∫—Ç—ã –∏–∑ –ò—Ç–∞–ª–∏–∏ !!!!	93143398
–û–∫—É–ª—å—Ç—É—Ä–∏–º—Å—è?	52756969
–ü—Ä–æ–≥—É–ª–∫–∏ –∏ —Ñ–æ—Ç–æ—Å–µ—Å—Å–∏–∏ –Ω–∞ –∫—Ä—ã—à–∞—Ö –°–∞–Ω–∫—Ç-–ü–µ—Ç–µ—Ä–±—É—Ä–≥–∞	72559188
.ŒπllŒπlŒπ.lŒπ.ŒπlllŒπ. Dj Matuya .ŒπllŒπlŒπ.lŒπ.ŒπlllŒπ.	6418578
DoZoR Irkutsk	2429823
–ú–∞—Ñ–∏—è –∏ –Ω–∞—Å—Ç–æ–ª—å–Ω—ã–µ –∏–≥—Ä—ã –≤ –∫–∞–ª—å—è–Ω–Ω–æ–π	60801260
Sergio Ramos Garc√≠a , foto,video,muzik,	72280792
–¢—É—Ä—ã –≤ –°–∞–Ω–∫—Ç-–ü–µ—Ç–µ—Ä–±—É—Ä–≥ —Å–æ —Å–∫–∏–¥–∫–æ–π –¥–æ 50%	146280218
–ù–∞—à –î–æ–º =)))	2362265
–§–æ—Ç–æ–≥—Ä–∞—Ñ—ã –Ω–∞ –º–µ—Ä–æ–ø—Ä–∏—è—Ç–∏–µ –≤ –°–ü–ë.	132617338
–ü–∏—Ç–µ—Ä –∫–∞–∫ –≤–∏–¥–∏—à—å!	166414657
–ù–∞–Ω–Ω–µ –ù–æ—Ä–¥–∫–≤–∏—Å—Ç (—à–≤. Marianne Elisabeth Nordqvist, –∞–Ω–≥–ª. Nanne Gronvall)	23193425
–ë–µ—Å–ø–ª–∞—Ç–Ω—ã–µ —Å–æ–±—ã—Ç–∏—è –≤ –ü–∏—Ç–µ—Ä–µ –ó–ê–í–¢–†–ê	26171175
‚àÜ hleb s maslom ‚àÜ	165583761
–ë–ª–æ–≥ –ò–ó–ì–û–Ø:CrazyBitchez	77481119
| .–†–æ–ª–µ–≤–∞—è –∏–≥—Ä–∞ "–ë—Ä–∏–≥–∞–¥–∞. –í–æ–∑–≤—Ä–∞—â–µ–Ω–∏–µ.". |	27348086
–° –§–ò–õ–û–°–û–§–û–ú –ü–û  –ü–ï–¢–ï–†–ë–£–†–ì–£	116526111
–ü—Ä–æ–≥—É–ª–∫–∏, —Ç–æ—Ä–∂–µ—Å—Ç–≤–∞ –Ω–∞ –∫–æ—Ä–∞–±–ª–∏–∫–µ-–∫–∞—Ç–µ—Ä–µ –ø–æ –ü–∏—Ç–µ—Ä	40858927
–£–∑–±–µ–∫–∏—Å—Ç–∞–Ω—Ü—ã so VSEGO MIRA) –§–æ—Ç–∫–∏, –≤–∏–¥–µ–æ —Ä–æ–¥–Ω—ã—Ö –∫—Ä–∞–µ–≤	639363
–û–±–æ–∂–∞—é Adama Lamberta...–∏ –≤—Å—ë —á—Ç–æ —Å –Ω–∏–º —Å–≤—è–∑–∞–Ω–æ!!!!	20191525
–≠–∫—Å–∫—É—Ä—Å–∏–∏ –ø–æ –°–∞–Ω–∫—Ç-–ü–µ—Ç–µ—Ä–±—É—Ä–≥—É.	9863491
–≠—Ç–∞ –≥—Ä—É–ø–ø–∞ –¥–ª—è —Ç–µ—Ö –∫—Ç–æ –±—ã–ª –≤ –ü–∏—Ç–µ—Ä–µ!!	5597994
EASY TRIBE SalsaWeekend | –ü–∏—Ç–µ—Ä	90502245
–ù–∞ –∫–∞–Ω–∏–∫—É–ª—ã –≤ –ü–∏—Ç–µ—Ä! –ü–æ—Å—É—Ç–æ—á–Ω–∞—è –∞—Ä–µ–Ω–¥–∞ –∫–≤–∞—Ä—Ç–∏—Ä.	140438886
–ö–æ—Å–ø–ª–µ–π Loveless	1194678
¬´The 42RT¬ª | –≠–∫—Å–∫—É—Ä—Å–∏–∏ –ø–æ –∫—Ä—ã—à–∞–º –°–∞–Ω-–ü–∏—Ç–µ—Ä–∞	43331190
--DoZoR-- –≤ –ö–ª–∏–Ω—É	3595088
–£ –º–µ—Ç—Ä–æ –ï–ª–∏–∑–∞—Ä–æ–≤—Å–∫–∞—è | –ï–ª—å–Ω–∏–∫ –°–ü–±	112761740
–í–µ–ª–æ–ø—Ä–æ–≥—É–ª–∫–∏ –ø–æ –Ω–æ—á–Ω–æ–º—É –ü–µ—Ç–µ—Ä–±—É—Ä–≥—É	40225891
–õ–û–§–¢.–ü—Å–∏—Ö–æ–ª–æ–≥–∏—è	156257385
–¢—É—Ä–ö–ª—É–± "–ü–µ—Ä–µ—Ö–æ–¥". –ö–æ–ª—å—Å–∫–∏–π –ø-–æ–≤ 2019	23846412
the wind of change // rp	186726959
–õ–∏—Ç–µ—Ä–∞—Ç—É—Ä–Ω—ã–π –∞–ª—å–º–∞–Ω–∞—Ö –ì—Ä–∞—Ñ–∏—Ç	31716874
–•–æ—Å—Ç–µ–ª / –ú–∏–Ω–∏-–æ—Ç–µ–ª—å  "CP HOSTEL", –°–ü–ë	48244126
‚ñë‚ñí‚ñì‚ñà Night-Party-Archi ‚ñà‚ñì‚ñí‚ñë	5149446
"Cigars.Cognac.Coffee-–°3""–°–∏–≥–∞—Ä—ã.–ö–æ–Ω—å—è–∫.–ö–æ—Ñ–µ-C3"	11743534
–§—Ä–∞–Ω—Ü—É–∑—Å–∫–∏–π  –≤–æ –§—Ä–∞–Ω—Ü–∏–∏!!!	6105503
‚ô• -=LOVE & SEX at this point=-‚ô•	1138123
–í –ü–∏—Ç–µ—Ä–µ –≤—Å–µ–≥–¥–∞ –≤–µ—Å–µ–ª–æ –∏ –º–Ω–æ–≥–æ –∫—Ä–∞—Å–∏–≤—ã—Ö,–∑–∞–±–∞–≤–Ω—ã—Ö –º–µ—Å—Ç)))	11712994
–£–∑–±–µ–∫–∏—Å—Ç–∞–Ω—Ü—ã so VSEGO MIRA) –§–æ—Ç–∫–∏, –≤–∏–¥–µ–æ —Ä–æ–¥–Ω—ã—Ö –∫—Ä–∞–µ–≤ 2	9269994
21 –ú–ê–†–¢–ê. HAPPY BIRTHDAY –ë–ï–õ–û–í@30–õ–ï–¢	16352953
ICE TEAM	13107025
–ö—Ä–∞—Å–æ—á–Ω—ã–π –ú–∏—Ä  | Colorful World	129451561
SegWay –ü–∏—Ç–µ—Ä	90050928
======================== –ë–ê–ö–õ–ê–ù–ö–ê - —Å–µ–∫—Ä–µ—Ç—ã —É–ª–∏—á–Ω–æ–π –¥—Ä–∞–∫–∏ (–ê—Å—Ç—Ä–∞—Ö–∞–Ω—å) ========================	1515580
–£ –º–µ—Ç—Ä–æ –ú–æ—Å–∫–æ–≤—Å–∫–∏–µ –≤–æ—Ä–æ—Ç–∞ | –°–ü–±	126357670
–õ—é–±–∏–º–∞—è –º—É–∑–∏–∫–∞ –°—Ç–∞—Å –ú–∏—Ö–∞–π–ª–æ–≤	14209613
–°–≤–∏–¥–∞–Ω–∏—è –Ω–∞ –∫—Ä—ã—à–∞—Ö, –≠–∫—Å–∫—É—Ä—Å–∏–∏ –ø–æ –∫—Ä—ã—à–∞–º –ü–∏—Ç–µ—Ä–∞	27623572
~~~~   „ÉÑ –ú–∞—Å—è–Ω—è„ÉÑ ~~~~	24185715
–ö–ª—É–± –ø–µ–≤–∏—Ü—ã –ú–∞–∫S–∏–º (–ø—Ä–∏–≥–ª–∞—à–∞–π—Ç–µ –¥—Ä—É–∑–µ–π)	1530179
–£ –º–µ—Ç—Ä–æ –í–∞—Å–∏–ª–µ–æ—Å—Ç—Ä–æ–≤—Å–∫–∞—è | –í–∞—Å—å–∫–∞ –°–ü–±	125557523
–õ—É—á—à–∏–µ –º–µ—Å—Ç–∞ –¥–ª—è —Å–≤–∏–¥–∞–Ω–∏—è –≤ –ü–∏—Ç–µ—Ä–µ	11174544
–ê–Ω–¥—Ä–µ–π –ö–∞–¥–µ—Ç–æ–º –∂–∏–≤ –ø–æ–∫–∞ –º—ã –ø–æ–º–Ω–∏–º –µ–≥–æ	22649528
–≠–∫—Å–∫–ª—é–∑–∏–≤–Ω—ã–µ —ç–∫—Å–∫—É—Ä—Å–∏–∏ –ø–æ –ú–æ—Å–∫–≤–µ, –ü–∏—Ç–µ—Ä—É –∏ –Ω–µ —Ç–æ–ª—å–∫–æ..	448358
–≠–∫—Å—Ç—Ä–∞–≤–µ—Ä—Å–∏—è: –∞–∫—Ç–∏–≤–Ω—ã–π –¥–æ—Å—É–≥ –≤ –°–ü–±	141366316
–ª—é–±–æ–≤—å	43294948
Ferma Piter. –ù–∞—Ç—É—Ä–∞–ª—å–Ω—ã–µ –ø—Ä–æ–¥—É–∫—Ç—ã	100832460
Event-–∂–∞–∂–¥–∞ –ü–∏—Ç–µ—Ä	150779592
MORRISON BAR | Lomonosova 2 | official community	106197
–ë–æ–π—Ü–æ–≤—Å–∫–∏–π –∫–ª—É–± –≤ –ü–∏—Ç–µ—Ä–µ	52575513
–î–æ—Å—Ç–∞–≤–∫–∞ –º–∞—Ç–µ—Ä–∏–∞–ª–æ–≤ –∏–∑ –°–ø-–±	136337987
–ü–∏—Ç–µ—Ä –ì–∏–¥. –≠–∫—Å–∫—É—Ä—Å–∏–∏ –ø–æ –°–∞–Ω–∫—Ç-–ü–µ—Ç–µ—Ä–±—É—Ä–≥—É, –°–ø–±	436777
–¢–∞–≥–ª–∏—Ç –¢–ª–∞–ª–∏–º –ú–æ—Å–∫–≤–∞ - –ü–∏—Ç–µ—Ä 12-22.05.2019	181269815
–ü–∏—Ç–µ—Ä! –°–∞–Ω–∫—Ç-–ü–µ—Ç–µ—Ä–±—É—Ä–≥! –°–ü–±! –õ–µ–Ω–∏–Ω–≥—Ä–∞–¥!	76124181
–ö–ª—É–±–Ω–∞—è –æ–¥–µ–∂–¥–∞!!!–ú–∞–π–∫–∏ —Å —ç–∫–≤–∞–ª–∞–π–∑–µ—Ä–æ–º!!!–†–µ–π–≤–µ—Ä—Å–∫–∏–µ —Å–≤–µ—Ç—è—â–∏–µ—Å—è –æ—á–∫–∏ ,—à–Ω—É—Ä–∫–∏	29285367
–ò–Ω—Ç–µ—Ä–µ—Å–Ω—ã–π –ü–∏—Ç–µ—Ä	17321824
WaU - –ò–Ω—Ç–µ—Ä–µ—Å–Ω—ã–µ –º–µ—Å—Ç–∞ –∏ —Å–æ–±—ã—Ç–∏—è	135447365
~< 10.07! –ë–∞—Å–≤–æ—è–∂ –Ω–∞ –ú–æ—Å–∫–≤—É! vol.2 >~	10063633
–ß–µ–º–ø–∏–æ–Ω–∞—Ç –ø–æ –¥–≤–æ—Ä–æ–º—É —Ñ—É—Ç–±–æ–ª—É –≤ –ü–∏—Ç–µ—Ä–µ!!!	192880
–ö—É–¥–∞ –ø–æ–π—Ç–∏ –≤ –ü–∏—Ç–µ—Ä–µ	58921379
–£ –º–µ—Ç—Ä–æ –û–±–≤–æ–¥–Ω—ã–π –∫–∞–Ω–∞–ª | –û–±–≤–æ–¥–∫–∞ –°–ü–±	127682521
–ù–∏–∂–Ω–µ–≤–∞—Ä—Ç–æ–≤—Ü—ã –≤ –ú–æ—Å–∫–≤–µ –∏ –ü–∏—Ç–µ—Ä–µ	217807
–£ –º–µ—Ç—Ä–æ –ó–≤–µ–∑–¥–Ω–∞—è | –°–ü–±	127682131
–í—Å—Ç—Ä–µ—á–∞ —Å–æ —Å–ª—É—à–∞—Ç–µ–ª—è–º–∏ 19.12!!!–í—Ö–æ–¥ —Å–≤–æ–±–æ–¥–Ω—ã–π!!!–ó–ê–ü–ò–°–¨ –û–ö–û–ù–ß–ï–ù–ê.	22315174
–í–µ–ª–æ–ø—Ä–æ–≥—É–ª–∫–∏ –°–ü–ë –∏ –õ–µ–Ω–æ–±–ª–∞—Å—Ç–∏	94428611
–°–∞–π—Ç –∑–Ω–∞–∫–æ–º—Å—Ç–≤ TYLOVE.RU	53411061
–†–∞–±–æ—á–∞—è –≥—Ä—É–ø–ø–∞ –í–µ—Å–µ–Ω–Ω–∏–π –ª–∞–≥–µ—Ä—å –ö–ü	112236391
Dorian Yates (–î–æ—Ä–∏–∞–Ω –Ø—Çc)	42150034
"–ù–ò–ö–ò–¢–ò–ù–°–ö–ò–ô –î–í–û–†"  - –Ω–æ–≤—ã–π —É—Ä–æ–≤–µ–Ω—å –Ω–æ—á–Ω–æ–π –∂–∏–∑–Ω–∏!	5792831
–ö–ª–µ–º–µ–Ω—Ç—å–µ–≤–∞ –≥–æ—Ä—ã –ø–µ—Ç–µ—Ä–±—É—Ä–≥—Å–∫–∏–µ —Ü–µ–Ω–∏—Ç–µ–ª–∏	53955331
Patrick Moraz & Refugee	7037985
www.commonprojects.com   –≤–µ—Å–Ω–∞-–ª–µ—Ç–æ 09 ‚Äî –æ–±—É–≤–Ω–æ–π –±—Ä–µ–Ω–¥   COMMON PROJECTS	3802659
–°–∫–µ–π—Ç-–ü–µ—Ç–µ—Ä–±—É—Ä–≥	3751323
–†–ò–§–ê–¢–ö–ê –ò –ê–ù–¢–û–®–ö–ê –í  –ü–ò–¢–ï–†–ï!	4273217
–¢–ê–ù–ö-"ANAKREON"	5918004
–ü–µ—à–∫–æ–º –ø–æ –ü–∏—Ç–µ—Ä—É. –ê–≤—Ç–æ—Ä—Å–∫–∏–µ –ø—Ä–æ–≥—É–ª–∫–∏-—ç–∫—Å–∫—É—Ä—Å–∏–∏ –ø–æ –°–∞–Ω–∫—Ç-–ü–µ—Ç–µ—Ä–±—É—Ä–≥—É..	28859148
‚ô•‚ô•‚ô•Pobert Pattinson –∏ Piter Facinelli‚ô•‚ô•‚ô•	14071544
–ü–∏—Ç–µ—Ä, –∏–Ω—Ç–µ—Ä–µ—Å–Ω—ã–µ –º–µ—Å—Ç–∞	73386556
–£ –º–µ—Ç—Ä–æ –ë–µ–≥–æ–≤–∞—è | –°–ü–±	160765965
–§–æ—Ç–æ–≥—Ä–∞—Ñ –≤ –°–∞–Ω–∫—Ç-–ü–µ—Ç–µ—Ä–±—É—Ä–≥–µ	115650334
–≠–∫—Å—Ç—Ä–µ–º–∞–ª—å–Ω—ã–µ –ø–µ—Ä—á–∏–∫–∏	143186521
–¢—É—Ä–∫–ª—É–± "–í–∞—Å—å–∫–∞ –°—É—Å–∞–Ω–∏–Ω". –ü–æ—Ö–æ–¥—ã –∏ —ç–∫—Å–∫—É—Ä—Å–∏–∏	144098722
Vigoda.ru –≤ –°–∞–Ω–∫—Ç-–ü–µ—Ç–µ—Ä–±—É—Ä–≥–µ	41242467
–£ –º–µ—Ç—Ä–æ –®—É—à–∞—Ä—ã | –°–ü–±	160765859
–ú–æ–∑–≥ —É—à—ë–ª —Ç—É—Å–∏—Ç—å –≤ SUMMER ;)	50489334
–ó–∞–∫—Ä—ã—Ç—ã–π –ø–æ–∫–∞–∑ –≤ –í–æ—Ä–æ–Ω–µ–∂–µ	122857753
–í–µ–¥—É—â–∏–π/–í–µ–¥—É—â–∞—è/–¢–∞–º–∞–¥–∞/–ü–∏—Ç–µ—Ä/–°–ø–±/–°–∞–Ω–∫—Ç-–ü–µ—Ç–µ—Ä–±—É—Ä–≥	88915607
"–ù–µ—Ñ–æ—Ä–º–∞—Ç" -  –∏–Ω—Ç–µ—Ä–µ—Å–Ω—ã–µ –ø—Ä–æ–≥—É–ª–∫–∏ –ø–æ  –ü–∏—Ç–µ—Ä—É	54640528
–∫—Ä–∞—Ç–∫–∏–µ —ç–∫—Å–∫—É—Ä—Å–∏–∏ –ø–æ —Ä–∞–∑–Ω–æ–æ–±—Ä–∞–∑–Ω—ã–º –º–µ—Å—Ç–∞–º –ü–∏—Ç–µ—Ä–∞	49850577
–ü–µ—Ä–µ–µ–∑–∂–∞–µ–º –Ω–∞ –í–∞–ª–¥–∞–π! –ö—Ç–æ —Å –Ω–∞–º–∏?	95546629
‚òÖ   MayBEE  & Flash Royal  ‚òÖ	31820751
–£ –º–µ—Ç—Ä–æ –õ–æ–º–æ–Ω–æ—Å–æ–≤—Å–∫–∞—è | –õ–æ–º—ã –°–ü–±	126259481
–ë–ê–ó–ê –û–¢–î–´–•–ê "–ó–û–õ–û–¢–ê–Ø –ì–û–†–ö–ê". –ú–ï–°–¢–û –ö–†–ê–°–ò–í–û–ï, –ù–û –ï–°–¢–¨ –ò –°–í–û–ò –ù–ï–î–û–°–¢–ê–¢–ö–ò. –ï–°–õ–ò –ò–ù–¢–ï–†–ï–°–ù–û –î–û–ë–ê–í–õ–Ø–ô–¢–ï–°–¨)))))	15289697
–í–∏–¥–µ–æ/—Ñ–æ—Ç–æ—Å—ä—ë–º–∫–∞ –≤ –ö–æ–ª–æ–º–Ω–µ	55789450
–ó–∞–±—Ä–æ—à–∫–∏ –≤ –ü–∏—Ç–µ—Ä–µ(–≤—Å–µ –≤—Å—Ç—É–ø–∞–µ–º –Ω–∞ –≤—Å—Ç—Ä–µ—á—É!!!)	12829208
–¢—É—Ä–∏—Å—Ç–∏—á–µ—Å–∫–æ–µ –ê–≥–µ–Ω—Å—Ç–≤–æ "–ü–ª–∞–Ω–µ—Ç–∞". !!!–°–ü–ï–¶–ü–†–ï–î–õ–û–ñ–ï–ù–ò–Ø!!!	6011186
–¢–µ–∞—Ç—Ä-—Å—Ç—É–¥–∏—è "10 —Ä—è–¥"	156901297
UNITY FRIENDS FEST 2017/ –ú–µ–∂–¥—É–Ω–∞—Ä–æ–¥–Ω—ã–π —Ñ–µ—Å—Ç–∏–≤–∞–ª—å	120238264
–ò–Ω—Ç–µ—Ä–µ—Å–Ω–æ–µ –≤ –ü–∏—Ç–µ—Ä–µ	44996185
}{–∞—Äb–∫–æv —Å—Ç–æ–ª–∏—Ü–∞ –≥—Ä–∞—Ñ–∏—Ç–∏!!!	7743600
–§–æ—Ç–æ—Ä–∞–∑–≤–µ–¥–∫–∞	4324674
–ñ–∏–∑–Ω—å –∏ –ø—Ä–∏–∫–ª—é—á–µ–Ω–∏—è –ª—è–≥—É—à–∫–∏ –§—Ä–µ–¥–¥–∏	127161311
–ø—Ä–∏–≥–ª–æ—Å–∏—Ç –≤ –≥—Ä—É–ø–ø—É 10 —á–µ–ª–æ–≤–µ–∫,–ø–æ–ª—É—á–∏—Ç +20% —Ä–µ–π—Ç–µ–Ω–≥–∞!!! ‚ñ™ ‚ñÑ‚ñÄ‚ñÑ–ü–ê–ó–ò–¢–ò–§–§‚ñÑ‚ñÄ‚ñÑ [–ü—Ä–∏–≥–ª–∞—Å–∏ –¥—Ä—É–∑–µ–π –∏ –ø–æ–ª—É—á–∏ 5% —Ä–µ–π—Ç–∏–Ω–≥–∞ ] ‚ñ™ €©€û€©‚ñ¨‚ñ¨–°–∫–∞–∂–µ–º –ï–º–æ_–Ω–µ—Ç!!!–ê–Ω—Ç–∏–µ–º–æ ‚ñ¨&a	24304308
–ü–£–¢–ï–®–ï–°–¢–í–ò–ï –í –í–ï–õ–ò–ö–ò–ô –ù–û–í–ì–û–†–û–î –Ω–∞ –ø–µ—Ä–≤—ã—Ö –≤–µ—Å–µ–Ω–Ω–∏—Ö –∫–∞–Ω–∏–∫—É–ª–∞—Ö, –∫–æ—Ç–æ—Ä—ã–µ –Ω–∞—á–∏–Ω–∞—é—Ç—Å—è 1 –º–∞—Ä—Ç–∞!	14151761
–ú–∞—Å—è–Ω—è! –ò –≤—Å–µ, –≤—Å–µ, –≤—Å–µ...	17822263
–¢–ê–ù–¶–ï–í–ê–õ–¨–ù–ê–Ø –°–¢–£–î–ò–Ø Punk'S Electro  ‚òÖ coach: SPONGE BOB ‚òÖ	6039831
–ò–Ω—Ç–µ—Ä–µ—Å–Ω–æ–µ –≤ –ü–∏—Ç–µ—Ä–µ.–°–æ–±—ã—Ç–∏—è,–º–µ—Å—Ç–∞.–ö—É–¥–∞ —Å—Ö–æ–¥–∏—Ç—å.	85873340
–í–∞—à –≥–∏–¥ –ø–æ –ü–µ—Ç–µ—Ä–±—É—Ä–≥—É	5489655
–¢–≤–æ—è –§–æ—Ç–æ—Å–µ—Å—Å–∏—è!	10802223
–ö–æ–ª—è—Å–∫–∏ wingoffly Hotmom, Mige, FooFoo, Beimens	128033133
–£ –º–µ—Ç—Ä–æ –ü–∞—Ä–∫ –ü–æ–±–µ–¥—ã | –°–ü–±	126422302
–£ –º–µ—Ç—Ä–æ –ß–∫–∞–ª–æ–≤—Å–∫–∞—è | –°–ü–±	127575802
–ì–∏–¥ –ø–æ –°–∞–Ω–∫—Ç-–ü–µ—Ç–µ—Ä–±—É—Ä–≥—É	19615664
–£ –º–µ—Ç—Ä–æ –ú–æ—Å–∫–æ–≤—Å–∫–∞—è | –°–ü–±	126180875
–£ –º–µ—Ç—Ä–æ –ø—Ä–æ—Å–ø–µ–∫—Ç –ú–∞—Ä—à–∞–ª–∞ –ñ—É–∫–æ–≤–∞ | –°–ü–±	170162697
ARTNONSTOP ALTERNATIVE MUSIC FESTIVAL	7713537
We Love You Arsenal | News | –ü—Ä–µ–º—å–µ—Ä-–ª–∏–≥–∞	41788429
–£ –º–µ—Ç—Ä–æ –ü–∞—Ä–Ω–∞—Å | –°–ü–±	112762085
Kang Daniel	178210529
–°–∫–∏–¥–∫–∏, –∫—É–ø–æ–Ω—ã, —Å–æ–±—ã—Ç–∏—è –≤ –ü–∏—Ç–µ—Ä–µ	71580742
–ü—Ä–µ–¥–Ω–∞–∑–Ω–∞—á–µ–Ω–∏–µ –ë—ã—Ç—å –ñ–µ–Ω—â–∏–Ω–æ–π –¥–ª—è –ø—Ä–µ–∫—Ä–∞—Å–Ω—ã—Ö –ü–µ—Ç–µ—Ä–±—É—Ä–∂–µ–Ω–æ–∫	39111335
–°–∞–Ω–∫—Ç-–ü–µ—Ç–µ—Ä–±—É—Ä–≥.–ü—É—Ç–µ–≤–æ–¥–∏—Ç–µ–ª—å.–ü—Ä–æ–≤–µ—Ä–µ–Ω–æ –Ω–∞ —Å–µ–±–µ!	127810516
–ò–ì–†–´ –ù–ê –£–õ–ò–¶–ï! - –¢–µ–∞—Ç—Ä-–®–∫–æ–ª–∞"–û–±—Ä–∞–∑" (–ü–∏—Ç–µ—Ä)	59380998
–ù–æ—è–±—Ä—å—Å–∫–∏–π –ø–æ—Ö–æ–¥	59492957
–ü–ò–í–ù–ê–Ø –ö–ê–†–¢–ê –ü–ò–¢–ï–†–ê  ++—á–µ—à—Å–∫–æ–µ –ø–∏–≤–æ++	2087684
–°–∞–Ω–∫—Ç-–ü–µ—Ç–µ—Ä–±—É—Ä–≥.–ù–æ–≤–æ—Å—Ç–∏ –∏ —Ñ–∞–∫—Ç—ã.	64928060
BRUNO MARS DAILY	24727001
–õ–Æ–ë–ò–¢–ï–õ–ò –≠–ö–°–¢–†–ò–ú–ê–õ–¨–ù–û–ì–û –û–¢–î–´–•–ê	4984624
–£ –º–µ—Ç—Ä–æ –õ–µ—Å–Ω–∞—è | –°–ü–±	123781489
–ù–µ—Å–∫—É—á–Ω—ã–π –ü–∏—Ç–µ—Ä - —ç–∫—Å–∫—É—Ä—Å–∏–∏ –ø–æ –°–ü–±	181844467
–ü—É—Ç–µ—à–µ—Å—Ç–≤–∏–µ –ø–æ –ï–≤—Ä–æ–ø–µ –≤ –∫–æ–º–ø–∞–Ω–∏–∏ –∏–Ω—Ç–µ—Ä–µ—Å–Ω—ã—Ö –ª—é–¥–µ	17413762
–ù–∞—Ä–æ–¥–Ω—ã–π –∫–æ—Ä—Ä–µ—Å–ø–æ–Ω–¥–µ–Ω—Ç ¬´–ü–∏—Ç–µ—Ä Online¬ª	44209546
‚ô•–§–∞–Ω—Ñ–∏–∫–∏ –ø—Ä–æ Open Kids –∏ Open Crew‚ô•	126684122
–ó–∏–ª–∞–Ω—Ç–∫–æ–Ω: –ü–ª–æ—â–∞–¥–∫–∞ –¢–æ–ª–∫–∏–Ω–∏—Å—Ç–∏–∫–∏	30122226
White Collar-–ë–µ–ª—ã–π –í–æ—Ä–æ—Ç–Ω–∏—á–æ–∫	44607047
–Ω–µ–æ–±—ã—á–Ω—ã–µ —ç–∫—Å–∫—É—Ä—Å–∏–∏ –ø–æ –ø–∏—Ç–µ—Ä—É	9638954
–ü—É—Ç–µ–≤–æ–¥. –ü–∏—Ç–µ—Ä –¥—Ä—É–≥–∏–º–∏ –≥–ª–∞–∑–∞–º–∏.	63075380
–ö—É–¥–∞ —è —Ö–æ—á—É —Å—ä–µ–∑–¥–∏—Ç—å –∫–æ–≥–¥–∞-–Ω–∏–±—É–¥—å	17820624
"–õ–ò–†–ê", –≤–æ–∫–∞–ª—å–Ω—ã–π –¥—É—ç—Ç	25506816
–í—Å—Ç—Ä–µ—á–∞ –∫–ª–∞—Å—Å–∞.	29053547
–í–õ–ê–î –°–û–ö–û–õ–û–í–°–ö–ò–ô/–û–§–ò–¶–ò–ê–õ–¨–ù–ê–Ø –ì–†–£–ü–ü–ê	41964309
ANTI-FLAG –≤ –†–∏–≥–µ 17 –º–∞—Ä—Ç–∞. –ö—Ç–æ –µ–¥–µ—Ç —Å –Ω–∞–º–∏?	5986054
–£ –º–µ—Ç—Ä–æ –§—Ä—É–Ω–∑–µ–Ω—Å–∫–∞—è | –°–ü–±	126422334
–®—ë–ª–∫–æ–≤–æ	8284921
–£–∏–ª—å—è–º –ú–æ—É—Å–ª–∏	24883017
–ò–Ω—Ç–µ—Ä–µ—Å–Ω–æ–µ –≤ –ü–∏—Ç–µ—Ä–µ (–°–∞–Ω–∫—Ç-–ü–µ—Ç–µ—Ä–±—É—Ä–≥)	104772661
(=Fuck The press Michael The Best=)	12189455
–°—Ç—Ä–æ–∏–º "–õ–∞–≤–∫—É –í–æ–ª—à–µ–±—Å—Ç–≤–∞" –≤–º–µ—Å—Ç–µ!	86244430
–£ –º–µ—Ç—Ä–æ –ö—Ä–µ—Å—Ç–æ–≤—Å–∫–∏–π –æ—Å—Ç—Ä–æ–≤ | –°–ü–±	115406998
–°–∞–Ω–∫—Ç-–ü–µ—Ç–µ—Ä–±—É—Ä–≥ –ú–æ–π –õ—é–±–∏–º—ã–π –ì–æ—Ä–æ–¥	32964294
–ë–µ—Å–ø–ª–∞—Ç–Ω—ã–µ —Å–æ–±—ã—Ç–∏—è –≤ –ü–∏—Ç–µ—Ä–µ –°–ï–ì–û–î–ù–Ø	26171068
*‚ÄùÀúÀú‚Äù*¬∞‡πë€©€û€©‚Ä¢TOKIO HOTEL‡πë€©€û€©‚Ä¢*‚ÄùÀúÀú‚Äù*¬∞	21910213
–£ –º–µ—Ç—Ä–æ –°—Ç–∞—Ä–∞—è –¥–µ—Ä–µ–≤–Ω—è | –°–ü–±	104164404
>>>Bad Balance>-"–í–ö–æ–Ω—Ç–∞–∫—Ç–µ"	14533882
–£ –º–µ—Ç—Ä–æ –ö–æ–º–µ–Ω–¥–∞–Ω—Ç—Å–∫–∏–π –ø—Ä–æ—Å–ø–µ–∫—Ç |  –ö–æ–º–µ–Ω–¥–∞–Ω–∞ –°–ü–±	112322028
–û—Ç–∑—ã–≤—ã (–°–∞–Ω–∫—Ç-–ü–µ—Ç–µ—Ä–±—É—Ä–≥, –°–ü–±, –ü–∏—Ç–µ—Ä)	35200026
S.T.A.L.K.E.R. - Call of Piter	99604293
–ò–Ω—Ç–µ—Ä–µ—Å–Ω—ã–π –ü–∏—Ç–µ—Ä	78052517
–í–∞—Ä–∫–∞–ª–∞ - –ü–∏—Ç–µ—Ä :)	19544624
–ü—Ä—ã–∂–∫–∏ —Å –≤–µ—Ä–µ–≤–∫–æ–π - –ì–≤–æ–∑–¥—å	192848378
–°–∞–º—ã–π –ñ–∞—Ä–∫–∏–π –õ–∏–º–æ–≤–æ—è–∂ –≤ –°–∞–Ω–∫—Ç-–ü–µ—Ç–µ—Ä–±—É—Ä–≥–µ	25929559
–ù–û–í–û–ì–û–î–ù–Ø–Ø –ù–û–ß–¨ 2012!!! –ö–æ–Ω—Ü–µ—Ä—Ç –≥—Ä—É–ø–ø—ã "–†—É—Å—Å–∫–∏–π –†–∞–∑–º–µ—Ä"!!!	32235180
–≠–∫—Å–∫—É—Ä—Å–∏–∏ –ø–æ –∫—Ä—ã—à–∞–º –ü–∏—Ç–µ—Ä–∞	34335078
–î–≤–∏–∂–µ–Ω–∏–µ-—ç—Ç–æ –∂–∏–∑–Ω—å!!!	7885789
–£ –º–µ—Ç—Ä–æ –í–æ–ª–∫–æ–≤—Å–∫–∞—è | –í–æ–ª–∫—É—à–∞ –°–ü–±	104164475
—É—á–∞—Å—Ç–Ω–∏–∫–∏ –¥–æ–∫—É–º–µ–Ω—Ç–∞–ª—å–Ω–æ–≥–æ —Ñ–∏–ª—å–º–∞ –æ –ü–∏—Ç–µ—Ä–µ	20290316
–î–∏—Å–∫–æ-–î–∂–µ–º—ã –≤ –ü–∏—Ç–µ—Ä–µ	91441016
*******–ö—Ç–æ —Ä–µ–∞–ª—å–Ω–æ —Ö–æ—á–µ—Ç –ø—Ä–æ—Ñ–µ—Å—Å–∏–æ–Ω–∞–ª—å–Ω–æ –∑–∞–Ω–∏–º–∞—Ç—å—Å—è –ø–∞—Ä–∫—É—Ä–æ–º?–î–∞–≤–∞–π—Ç–µ –æ–±—å–µ–¥–∏–Ω–∏–º—Å—è????????????=))))))	4824537
–û—Ç–¥—ã—Ö –≤ –û–¥–µ—Å—Å–µ ! –ê—Ä–µ–Ω–¥–∞ –∫–≤–∞—Ä—Ç–∏—Ä –¥–æ–ª–≥–æ—Å—Ä–æ—á–Ω–æ,–ø–æ—Å—É—Ç–æ—á–Ω–æ,–ø–æ—á–∞—Å–æ–≤–æ.	35845058
–ü–∏—Ç–µ—Ä –î–∏–Ω–∫–ª—ç–π–¥–∂‚ô•Peter Dinklage‚ô•–¢–∏—Ä–∏–æ–Ω –õ–∞–Ω–Ω–∏—Å—Ç–µ—Ä	39565561
Insomnia-tour - –Ω–µ—Å—Ç–∞–Ω–¥–∞—Ä—Ç–Ω—ã–µ —ç–∫—Å–∫—É—Ä—Å–∏–∏, –Ω–µ—Ç–∏–ø–∏—á–Ω—ã–π –ü–∏—Ç–µ—Ä, –Ω–µ–æ–±—ã—á–Ω—ã–µ –º–µ—Å—Ç–∞ –ü–∏—Ç–µ—Ä–∞	39185384
URBAN SAMURAI - —Å–ø–æ—Ä—Ç–∑–∞–ª –¥–ª—è —Å–æ–±–∞–∫ –≤ –ü–∏—Ç–µ—Ä–µ!	172893302
–ò–Ω–¥–∏–≤–∏–¥—É–∞–ª—å–Ω—ã–µ —ç–∫—Å–∫—É—Ä—Å–∏–∏ –ø–æ –°–∞–Ω–∫—Ç-–ü–µ—Ç–µ—Ä–±—É—Ä–≥—É	4713638
–ü–∏—Ç–µ—Ä: –º–∞—Ä—à—Ä—É—Ç—ã –¥–ª—è –≤–ª—é–±–ª–µ–Ω–Ω—ã—Ö	92656686
–≠–∫—Å–∫—É—Ä—Å–∏–∏ –ü–µ—Ç–µ—Ä–±—É—Ä–≥ —Å–ø–± –ü–∏—Ç–µ—Ä –∞–≤—Ç–æ–±—É—Å–Ω—ã–µ  –¥–µ—Ç—è–º	22701885
–ü–∏—Ç–µ—Ä –≥–ª–∞–∑–∞–º–∏ –ø–æ–¥—Ä–æ—Å—Ç–∫–æ–≤	121033652
–£ –º–µ—Ç—Ä–æ –ë–∞–ª—Ç–∏–π—Å–∫–∞—è | –ë–∞–ª—Ç—ã –°–ü–±	114542802
–†–û–ö -   –§–ï–°–¢–í–ê–õ–ò —Å –¢–ê "–ë–Æ–†–û –ü–£–¢–ï–®–ï–°–¢–í–ò–ô"	24886577
–ö—É–¥–∞ –°—Ö–æ–¥–∏—Ç—å –≤ –°–ü–± –ê—Ñ–∏—à–∞	174568198
(V_SALE) –†–∞—Å–ø—Ä–æ–¥–∞–∂–∞ —Ç–µ—Ö–Ω–∏–∫–∏ –≤ –ü–∏—Ç–µ—Ä–µ –ù–∞–º 6 –ª–µ—Ç !	103177425
–ü—Å–∏—Ö–æ–ª–æ–≥.–ö–æ–Ω—Å—É–ª—å—Ç–∞—Ü–∏–∏,—Ç—Ä–µ–Ω–∏–Ω–≥–∏,—Ä–∞—Å—Å—Ç–∞–Ω–æ–≤–∫–∏	55897787
–†–æ–±–æ—Ç	29406631
–ù–∞–∫–æ–Ω–µ—Ü-—Ç–æ, –í—ã—Ö–æ–¥–Ω–æ–π!	1205081
–£ –º–µ—Ç—Ä–æ –ü—Ä–æ–ª–µ—Ç–∞—Ä—Å–∫–∞—è | –°–ü–±	187610775
–¶–ê–û RECORDS	6816836
–£ –º–µ—Ç—Ä–æ –õ–µ–Ω–∏–Ω—Å–∫–∏–π –ø—Ä–æ—Å–ø–µ–∫—Ç | –°–ü–±	117548253
‚ô• ‚ô° ‚ô• V A L O ‚ô• ‚ô° ‚ô• O N E ‚ô• ‚ô° ‚ô• L O V E ‚ô•  ‚ô° ‚ô•	12717712
–ö–ª—É–± –∑–Ω–∞–∫–æ–º—Å—Ç–≤ –∏ –∫—É–ª—å—Ç—É—Ä—ã)	48373548
–£ –º–µ—Ç—Ä–æ –ù–µ–≤—Å–∫–∏–π –ü—Ä–æ—Å–ø–µ–∫—Ç | –°–ü–±	123826636
Olya Gorodenskaya | Photographer	78106114
–ª—é–±–∏—Ç–µ–ª–∏ –ø–æ–∫–ª—É–±–∏—Ç—å—Å—è –≤ –∫–ª—É–±–∞—Ö, –≤–∞–º —Å—é–¥–∞))))))))))	5988440
–ó–∞—Ö–≤–∞—Ç—ã–≤–∞—é—â–∏–µ —ç–∫—Å–∫—É—Ä—Å–∏–∏ –ø–æ –ü–∏—Ç–µ—Ä—É	127245006
–ü–∏—Ç–µ—Ä-–º–∞–º–∞	154206203
–ò–Ω—Ç–µ—Ä–µ—Å–Ω—ã–µ –º–µ—Å—Ç–∞ –õ–µ–Ω–æ–±–ª–∞—Å—Ç–∏ –∏ –ü–∏—Ç–µ—Ä–∞. –§–æ—Ç–æ. –í—ã–µ–∑–¥—ã –∏ –ø—Ä.	5930428
–í–∞–ª–æ–¥—è –ë–∏–æ—Ç—Ä—ç—à –∏ –ö–∞—Ç—Ä–∏–Ω –û—Å–µ–Ω—å –ø—Ä–µ–¥—Å—Ç–∞–≤–ª—è—é—Ç - "–ú–Ø–ì–ö–û–ï –ú–ï–°–¢–û –≤ –ü–∏—Ç–µ—Ä–µ" (Beanbag)	22822230
Kristin Kreuk - –ö—Ä–∏—Å—Ç–∏–Ω –ö—Ä–æ–π–∫	13028302
–£ –º–µ—Ç—Ä–æ –†—ã–±–∞—Ü–∫–æ–µ | –°–ü–±	187610742
–ú–∏–Ω–∏-–æ—Ç–µ–ª—å –Ω–∞ –î–µ–∫–∞–±—Ä–∏—Å—Ç–æ–≤	178205224
–†–æ–ª–µ–≤–∞—è –∏–≥—Ä–∞"–í—Ä–µ–º–µ–Ω–∞ –ú–∞—Ä–æ–¥—ë—Ä–æ–≤"	23116694
–≠–∫—Å–∫—É—Ä—Å–∏–∏ –ø–æ –∫—Ä—ã—à–∞–º, –¥–≤–æ—Ä–∞–º –∏ –Ω–µ —Ç–æ–ª—å–∫–æ!	65038567
–í—ã–∏–≥—Ä–∞–π —Å–≤–æ–µ –º–µ—Å—Ç–æ –≤ –ì—Ä–µ—Ü–∏–∏ —Å –∫–ª—É–±–Ω—ã–º —Ç—É—Ä–æ–º Diamond Life!!!!!!	4229866
GEOMETRIA.RU in EKATERINBURG(–≥—Ä—É–ø–ø–∞ –∑–∞–∫—Ä—ã—Ç–∞)	5904492
–ì—Ä—É–ø–ø–∞, –ø–æ–∫–∞ –±–µ–∑ –Ω–∞–∑–≤–∞–Ω–∏—è....	4487522
–ü–µ—Ç–µ—Ä–±—É—Ä–≥ - –¥–æ—Å—Ç–æ–ø—Ä–∏–º–µ—á–∞—Ç–µ–ª—å–Ω–æ—Å—Ç–∏, —ç–∫—Å–∫—É—Ä—Å–∏–∏	25834857
–¢–µ –∫—Ç–æ —Å–ª—É–∂–∏–ª –≤ –ê—Ä–º–∏–∏ –õ–∏–±–æ —Ö–æ—á–µ—Ç –≤ –∞—Ä–º–∏—é!!!	5291031
–≠–∫—Å–∫—É—Ä—Å–∏–∏ –≤ –°–∞–Ω–∫—Ç-–ü–µ—Ç–µ—Ä–±—É—Ä–≥–µ, –ø–æ –ü–∏—Ç–µ—Ä—É, –°–ü–±	55568648
¬∑Ÿ†‚Ä¢‚óèŒπllŒπlŒπ Adam_Lambert ŒπllŒπlŒπ‚óè‚Ä¢Ÿ†¬∑	21076968
–≠–∫—Å–∫—É—Ä—Å–∏–æ–Ω–Ω—ã–π —Ü–µ–Ω—Ç—Ä –ù–∏–∫–∏—Ç—ã –ö—Ä—É–≥–ª–æ–≤–∞	30817874
–ö—Ä—É–∏–∑–µ—Ä—ã –∏ –ø—Ä–æ—Å—Ç–æ –ª—é–±–∏—Ç–µ–ª–∏ –ø–æ–∫–∞—Ç–∞—Ç—å—Å—è	909540
| Supernatural Live | RPG |	75155842
==–°—á–∞—Å—Ç–ª–∏–≤–∞—è –∫–∞—Ä—Ç–∞: –ö–∞–∂–¥—ã–π –¥–µ–Ω—å —Å–∫–∏–¥–∫–∏ –æ—Ç 50%  –¥–æ 90% –Ω–∞ —Å–∞–º—ã–µ –∏–Ω—Ç–µ—Ä–µ—Å–Ω—ã–µ  –∑–∞–≤–µ–¥–µ–Ω–∏—è –ü–∏—Ç–µ—Ä–∞==	19030918
–í–ï–°–ï–õ–´–ô –ñ–ò–†–ê–§ –•–æ—Å—Ç–µ–ª –≤ –°–∞–Ω–∫—Ç-–ü–µ—Ç–µ—Ä–±—É—Ä–≥–µ/ –ü–∏—Ç–µ—Ä–µ	50945456
bookcrossing –≤ –ü–∏—Ç–µ—Ä–µ	4237139
–ø—Ä–æ –ü–ò–¢–ï–† & different	161155517
–†–µ–∞–ª–∏—Ç–∏-—à–æ—É "UP"	54915431
–ü–ª–æ—Ö–∏–µ –ø–∞—Ä–Ω–∏[BAD BOYS]	54876427
–≠–∫—Å–∫—É—Ä—Å–∏–∏ –ø–æ –ü–µ—Ç–µ—Ä–±—É—Ä–≥—É,—ç–∫—Å–∫—É—Ä—Å–∏–æ–Ω–Ω–æ–µ –±—é—Ä–æ,–∞–≤—Ç–æ–±—É—Å–Ω—ã–µ —ç–∫—Å–∫—É—Ä—Å–∏–∏,—Å–ø–±,–ø–∏—Ç–µ—Ä,–≤–æ–¥–Ω—ã–µ,–ø–µ—à–µ—Ö–æ–¥–Ω—ã–µ,–ø—Ä–∏–≥–æ—Ä–æ–¥–Ω—ã–µ,—à–∫–æ–ª—å–Ω—ã–µ,–æ–¥–Ω–æ–¥–Ω–µ–≤–Ω—ã–µ,–Ω–æ—á–Ω—ã–µ,–æ–±–∑–æ—Ä–Ω—ã–µ —ç–∫—Å–∫—É—Ä—Å–∏–∏,–¥–ª—è –¥–µ—Ç–µ–π,—Ü–µ–Ω–∞,—Å—Ç–æ–∏–º–æ—Å—Ç—å,–∫—É–ø–∏—Ç—å,–∑–∞–∫–∞–∑–∞,–ù–æ–≤–≥–æ—Ä–æ–¥, –ü—É—à–∫–∏–Ω,–ü–µ—Ç–µ—Ä–≥–æ—Ñ,–ö—Ä–æ–Ω—à—Ç–∞–¥—Ç,	14855924
–ì–æ—Ä–æ–¥—Å–∫–æ–µ –æ—Ä–∏–µ–Ω—Ç–∏—Ä–æ–≤–∞–Ω–∏–µ ¬´–ù–µ–∏–∑–≤–µ—Å—Ç–Ω—ã–π –ü–∏—Ç–µ—Ä¬ª	144278384
AC!DC ForEveR!!!	309232
–ö–û–ë–û–ù–ê XXI	184155382
–£ –º–µ—Ç—Ä–æ –°–ø–æ—Ä—Ç–∏–≤–Ω–∞—è | –°–ü–±	114879663
–ü–∏—Ç–µ—Ä! –°–º–æ—Ç—Ä–∏–º —Å –¥—Ä—É–∑—å—è–º–∏ –ø–æ—Ä–Ω—É—Ö—É –ø–æ–¥ –ø–∏–≤–æ!	9596973
–£ –º–µ—Ç—Ä–æ –ü—Ä–æ—Å–ø–µ–∫—Ç –°–ª–∞–≤—ã | –°–ü–±	160765713
DISCO BAR –û–¢ –ó–ê–ö–ê–¢–ê –î–û  –†–ê–°–°–í–ï–¢–ê	13049715
–ü—É—Ç–µ—à–µ—Å—Ç–≤–∏–µ –≤ –ì–∏–º–∞–ª–∞–∏ –∫ –∏—Å—Ç–æ–∫–∞–º —Å–≤—è—â–µ–Ω–Ω–æ–π –ì–∞–Ω–≥–∏	9617480
–ò—Å—Ü–µ–ª—è—é—â–∏–µ —Å–∫–∞–∑–∫–∏	187126181
–£—é—Ç–Ω—ã–µ,–Ω–µ–æ–±—ã—á–Ω—ã–µ, –∏–Ω—Ç–µ—Ä–µ—Å–Ω—ã–µ –∫–∞—Ñ–µ –ü–µ—Ç–µ—Ä–±—É—Ä–≥–∞	45126774
–ü–æ–∫–æ–ª–µ–Ω–∏–µ –ø—Ä–µ—Å–µ—Ç–æ–≤ (—Ñ–æ—Ç–æ–≥—Ä–∞—Ñ—ã –°–ü–±)	186607750
–õ–µ—Ç–Ω—è—è –ø—Ä–∞–∫—Ç–∏–∫–∞ –≤ –°–∞–Ω–∫—Ç-–ü–µ—Ç–µ—Ä–±—É—Ä–≥–µ –∏–ª–∏ "–≠—Ç–æ –ü–∏—Ç–µ—Ä, –¥–µ—Ç–∫–∞!"	37938206
–í –ü–∏—Ç–µ—Ä–µ - –±—ã—Ç—å | –ì–∏–¥ –ø–æ –°–µ–≤–µ—Ä–Ω–æ–π —Å—Ç–æ–ª–∏—Ü–µ	176615946
–ö—É–¥–∞ –¥–µ—Ç–∏ –ü–∏—Ç–µ—Ä | –ö—É–¥–∞ –ø–æ–π—Ç–∏ —Å –¥–µ—Ç—å–º–∏ | –∫—É–¥–∞ –≥–æ	181462179
–ò–Ω—Ç–µ—Ä–µ—Å–Ω—ã–π –ü–∏—Ç–µ—Ä | –°–æ–±—ã—Ç–∏—è –≤ –°–∞–Ω–∫—Ç-–ü–µ—Ç–µ—Ä–±—É—Ä–≥–µ	146091177
–£ –º–µ—Ç—Ä–æ –ì–æ—Ä—å–∫–æ–≤—Å–∫–∞—è | –°–ü–±	117713465
–ü–æ—Å—É—Ç–æ—á–Ω–∞—è –∞—Ä–µ–Ω–¥–∞ –∫–≤–∞—Ä—Ç–∏—Ä –∏ –∫–æ–º–Ω–∞—Ç –≤ —Ü–µ–Ω—Ç—Ä–µ –ü–∏—Ç–µ—Ä–∞!	9155630
–ü—Ä–∏—Ç–æ–Ω –∫–Ω–∏–≥–æ–º–∞–Ω–æ–≤	116103765
English coffee talk	43227774
–£ –º–µ—Ç—Ä–æ –ü—É—à–∫–∏–Ω—Å–∫–∞—è | –ó–≤–µ–Ω–∏–≥–æ—Ä–æ–¥—Å–∫–∞—è | –°–ü–±	126016468
–£ –º–µ—Ç—Ä–æ –ü–µ—Ç—Ä–æ–≥—Ä–∞–¥—Å–∫–∞—è | –°–ü–±	117714817
–î–µ—Ç–∫–∏ –≤ –ü–∏—Ç–µ—Ä–µ | –î–µ—Ç—Å–∫–∞—è –∞—Ñ–∏—à–∞	187960236
–°–±–æ—Ä–Ω–∏–∫ –ø—Ä–æ–∑—ã "De facto" –ø—Ä–∏–≥–ª–∞—à–∞–µ—Ç –∞–≤—Ç–æ—Ä–æ–≤	31529248
–ò–Ω–¥–∏–≤–∏–¥—É–∞–ª—å–Ω—ã–µ –ü–∞—Å—Å–∞–∂–∏—Ä—Å–∫–∏–µ –ü–µ—Ä–µ–≤–æ–∑–∫–∏	3680252
–≠–∫—Å–∫—É—Ä—Å–∏–∏ –ø–æ –°–∞–Ω–∫—Ç-–ü–µ—Ç–µ—Ä–±—É—Ä–≥—É/–ü–∏—Ç–µ—Ä—É	45878249
–≠–∫—Å–∫—É—Ä—Å–∏–∏ –ø–æ –∫—Ä—ã—à–∞–º –ü–∏—Ç–µ—Ä–∞	71251416
"Altera" –•–æ—Å—Ç–µ–ª –≤ –°–ü–± (–°–∞–Ω–∫—Ç-–ü–µ—Ç–µ—Ä–±—É—Ä–≥, –ü–∏—Ç–µ—Ä)	90499658
–£ –º–µ—Ç—Ä–æ –î–µ–≤—è—Ç–∫–∏–Ω–æ | –°–ü–±	126422363
–ñ–∏—Ç—å - –ø–æ–∂–∏–≤–∞—Ç—å!	118445179
–ü–æ–ª—è—Ä–Ω–∞—è –ó–≤–µ–∑–¥–∞ FOR EVER!!!	191680
–° –∫–µ–º –ø–æ–π—Ç–∏? –ù–∞–π–¥–∏ –∫–æ–º–ø–∞–Ω–∏—é! –°–ü–±	175586887
[RaP ZoNe]	5142122
–ö–ê–¢–ê–•–†–ï–ó–ê-–§–æ—Ä—É–º –≥—Ä—É–ø–ø—ã	3293086
‚ô•‚ô•‚ô•Pete Wentz‚ô•‚ô•‚ô•	10513617
–ò–Ω—Ç–µ—Ä–µ—Å–Ω—ã–µ –≤–µ—â–∏! –ò–Ω—Ç–µ—Ä–µ—Å–Ω—ã–µ —Ü–µ–Ω—ã!	31836019
–ò–Ω—Ç–µ–Ω—Å–∏–≤ –ø–æ —ç–∫–∑–∏—Å—Ç–µ–Ω—Ü–∏–∞–ª—å–Ω–æ–π –ø—Å–∏—Ö–æ—Ç–µ—Ä–∞–ø–∏–∏ ‚Äú–ú—É–∂–µ—Å	17526201
–ö–ª—É–±–Ω—ã–π —Ä–∞–∑–≥–æ–Ω - –°–∞–Ω–∫—Ç - –ü–µ—Ç–µ—Ä–±—É—Ä–≥	50214555
–≠–∫—Å–∫—É—Ä—Å–∏–∏ –ø–æ –ü–µ—Ç–µ—Ä–±—É—Ä–≥—É "–Ø –ø–æ–∫–∞–∂—É —Ç–µ–±–µ –ü–∏—Ç–µ—Ä"	168359810
–°–≤–∞–¥–µ–±–Ω—ã–π —Ñ–æ—Ç–æ–≥—Ä–∞—Ñ|–ü–æ—Ä—Ç—Ä–µ—Ç–Ω–∞—è —Å—ä–µ–º–∫–∞ –°–ü–± –ü–∏—Ç–µ—Ä	41823028
–£ –º–µ—Ç—Ä–æ –ö—É–ø—á–∏–Ω–æ | –ö—É–ø—á–∞–≥–∞ –°–ü–±	187610607
‚ôî–ö–∞—Ç—è –°–∞–º–±—É–∫–∞‚ôî	41549830
–ü–∏—Ç–µ—Ä –ü—ç–Ω	18410592
–≠–∫—Å–∫—É—Ä—Å–∏–∏ –≤ –ü–µ—Ç–µ—Ä–±—É—Ä–≥–µ, –ø–æ –ü–∏—Ç–µ—Ä—É, –°–ü–± –ø–æ –∫—Ä—ã—à–∞–º	92820914
–§–æ—Ç–æ–ª—é–±–∏—Ç–µ–ª–∏ –ü–∏—Ç–µ—Ä–∞, –≤—Å—Ç—Ä–µ—Ç–∏–º—Å—è –≤ —Ä–µ–∞–ª–µ	569280
~~~Ill Nino Fans~~~	1136763
‚òÖCIRCUS‚òÖ CONCERT HALL	37834242
–°–ª–∏–≤–∫–∏	10114794
–£ –º–µ—Ç—Ä–æ –ü—Ä–æ—Å–ø–µ–∫—Ç –ë–æ–ª—å—à–µ–≤–∏–∫–æ–≤ | –°–ü–±	187610724
–≠–∫—Å–∫—É—Ä—Å–∏–∏ –ø–æ –∫—Ä—ã—à–∞–º	111971
–ê–π–¥–∞ —Ç—É—Å–∏—Ç—å	100719502
PUNK PLOYD PROMO	15956737
–£ –º–µ—Ç—Ä–æ –ë—Ä–æ–Ω–µ–≤–∞—è | –°–ü–±	167628859
–ù–µ—Å—Ç–∞–Ω–¥–∞—Ä—Ç–Ω—ã–µ —ç–∫—Å–∫—É—Ä—Å–∏–∏ –ø–æ –ü–∏—Ç–µ—Ä—É	50361478
–£ –º–µ—Ç—Ä–æ –ê–∫–∞–¥–µ–º–∏—á–µ—Å–∫–∞—è | –ê–∫–∞–¥–µ–º–∫–∞ –°–ü–±	126132049
SMART –∫–∞—Ä—Ç–∞ "–û–ß–ï–ù–¨ –í–ê–ñ–ù–´–ô –ì–û–°–¢–¨" –æ—Ç GHOSTY.RU (—Å–ø–±) - —Ö–æ–¥–∏ –≤ –∫–ª—É–±—ã –ë–ï–°–ü–õ–ê–¢–ù–û!	2062857
–ì–æ—Å—Ç–µ–ø—Ä–∏–∏–º–Ω—ã–π –ü–∏—Ç–µ—Ä.  World combat games  2013.	58088554
–ü–æ–∫–ª–æ–Ω–Ω–∏–∫–∏(—Ü—ã)–∞–∫—Ç—ë—Ä–∞ –ê–ª–µ–∫—Å–µ—è –ß–∞–¥–æ–≤–∞	8728439
FAMA.PRESS –°–∞–Ω–∫—Ç-–ü–µ—Ç–µ—Ä–±—É—Ä–≥.	171274039
–¢–ï–ë–ï - –¥–ª—è —Ö–æ—Ä–æ—à–µ–≥–æ –Ω–∞—Å—Ç—Ä–æ–µ–Ω–∏—è	118419718
| DJ MASSIMO | TOP 100 DJ RUSSIA | http://TOP100DJ.RU/|	11858300
FREE ‚Ä¢ –ë–µ—Å–ø–ª–∞—Ç–Ω—ã–π –ü–∏—Ç–µ—Ä	99210286
–ú–∞—Å—Ç–µ—Ä—Å–∫–∞—è –ü–∏—Ç–µ—Ä–∞ –ü–µ–Ω–∞	42159299
Piter route. –ü–µ—à–µ—Ö–æ–¥–Ω—ã–µ —ç–∫—Å–∫—É—Ä—Å–∏–∏ –ø–æ –ü–µ—Ç–µ—Ä–±—É—Ä–≥—É	111935283
–°–æ–±—ã—Ç–∏—è –ü–µ—Ç–µ—Ä–±—É—Ä–≥–∞	13954828
—Ñ–µ–Ω–µ—á–∫–∏ –∏ —à—Ç–∞–Ω—ã-–∞–ª–ª–∞–¥–∏–Ω—ã –∏–∑ –ò–Ω–¥–æ–Ω–µ–∑–∏–∏	10693407
—á–∞—Å—Ç–Ω—ã–µ —ç–∫—Å–∫—É—Ä—Å–∏–∏ –ø–æ –ø–∏—Ç–µ—Ä—É	59489767
–ù–µ–æ–±—ã—á–Ω—ã–µ —ç–∫—Å–∫—É—Ä—Å–∏–∏ - –ü–æ–ª–∑–∫–æ–º –ø–æ –ü–∏—Ç–µ—Ä—É	28413288
Shikana-NK	59050499
—Ä–∞–¥—É–∂–Ω–æ/—á–∞–π–Ω—ã–µ –≤–µ—á–µ—Ä–∞__–ú–æ—Å–∫–≤–∞_–ü–∏—Ç–µ—Ä	21238182
–ö–Ω–æ–ø–∫–∞ –†–∞–¥–æ—Å—Ç–∏ - –¥–µ—Ç—Å–∫–∏–µ —Å–æ–±—ã—Ç–∏—è –≤ –ü–∏—Ç–µ—Ä–µ	36869169
–ü–∏—Ç–µ—Ä|walk.	151379755
–î–æ–±—Ä—ã–π –¥–æ–º Come*inn —Ö–æ—Å—Ç–µ–ª —Å–ø–± –ü–µ—Ç–µ—Ä–±—É—Ä–≥ *	40329806
–ö—É–ø–æ–Ω–∫–∏–Ω¬†‚Äî –ª—É—á—à–∏–µ –ø—Ä–µ–¥–ª–æ–∂–µ–Ω–∏—è –ü–µ—Ç–µ—Ä–±—É—Ä–≥–∞	39018141
--€©=–ú–æ–π –¥–æ–º - –ü–æ–¥–º–æ—Å–∫–æ–≤—å–µ!=€©--	3259628
‚ò∫‚òª‚ô•–ù–µ–¥–æ—Ä–æ–≥–∏–µ —Ñ–æ—Ç–æ—Å—ä–µ–º–∫–∏ –≤ –ü–∏—Ç–µ—Ä–µ‚ò∫‚òª‚ô•	60292639
–ö–æ–Ω–≤–µ—Ä—Ç—ã –¥–ª—è –Ω–æ–≤–æ—Ä–æ–∂–¥–µ–Ω–Ω—ã—Ö –Ω–∞ –≤—ã–ø–∏—Å–∫—É –ü–∏—Ç–µ—Ä	101207119
–ê–ª–∞–±—É–∫–∞ –≤ –°–∞–Ω–∫—Ç-–ü–µ—Ç–µ—Ä–±—É—Ä–≥–µ	138639866
Dreamflash –≤ –ê–ª–º–∞—Ç—ã	1970646
Niva 4x4 ‚òÖ–∫–ª—É–± Rossana Sotta‚òÖ 4x4 –ù–∏–≤–∞ 2121	53601741
–ü–æ–ª—å–∑–∏–∫–∏ –ü–∏—Ç–µ—Ä–∞	81450970
‚ñ∫HIP HOP, DONT STOP‚ñ∫	19779131
–†—ã–±–∞–ª–∫–∞ –°–ø–± –∏ –õ–û,  –°–µ–≤–µ—Ä –∏ –Æ–≥ –†–æ—Å—Å–∏–∏	149148076
–§–æ—Ç–æ–≥—Ä–∞—Ñ Lika –î–æ–Ω–µ—Ü–∫	56529928
–ö–∞—é—Ç-–∫–æ–º–ø–∞–Ω–∏—è –î–∂–µ—è –†–æ–¥–∂–µ—Ä–∞	20772807
–°–µ–º–µ–π–Ω—ã–π —Ñ–æ—Ç–æ–≥—Ä–∞—Ñ  –≤–∏–¥–µ–æ–≥—Ä–∞—Ñ –ö–æ–ª–æ–º–Ω–∞ –ú–æ—Å–∫–≤–∞	117486412
–ú–µ—Å—Ç–∞ –æ–±–∏—Ç–∞–Ω–∏—è	34043604
_—Ñ–æ—Ç–æ–∞–ª—å–±–æ–º_katenole	28422539
–ú–µ–∂–¥—É–Ω–∞—Ä–æ–¥–Ω—ã–π –§–µ—Å—Ç–∏–≤–∞–ª—å WinterFest	46509309
Roger Federer Genius	15626756
–°—Ç–∏–ª—å–Ω—ã–µ  –µ–∂–µ–¥–Ω–µ–≤–Ω–∏–∫–∏ –∏ –∑–∞–ø–∏—Å–Ω—ã–µ –∫–Ω–∏–∂–∫–∏. –°–ü–ë –∏ –ú–æ—Å–∫–≤–∞	13562455
–ö–ª—É–± –ø–æ–∫–ª–æ–Ω–Ω–∏–∫–æ–≤ –¢–≤–æ—Ä—á–µ—Å—Ç–≤–∞ Joni Mitchell	12032927
SWITZERLAND & ST.PETERSBURG - YOUR BEST POINT!	30906460
BOBRO | –ö–∏—Ä–æ–≤—Å–∫–∏–π –≤–∏–¥–µ–æ–±–ª–æ–≥–µ—Ä	119356510
–≠–∫—Å–∫—É—Ä—Å–∏–∏ –ø–æ –°–∞–Ω–∫—Ç-–ü–µ—Ç–µ—Ä–±—É—Ä–≥—É // –î—Ä—É–≥ –∏–∑ –ü–∏—Ç–µ—Ä–∞	110347843
–ü–∏—Ç–µ—Ä | –ö—É–¥–∞ –∏ —Å –∫–µ–º –º–æ–∂–Ω–æ —Å—Ö–æ–¥–∏—Ç—å | –ó–Ω–∞–∫–æ–º—Å—Ç–≤–∞	130413629
–ë–ú Party Piter	59615682
–¢—Ä–µ—Ç—å—è –ú–∞–π—Å–∫–∞—è –≠–∫—Å–ø–µ–¥–∏—Ü–∏—è –ø–æ –¢–µ—Ö–Ω–æ–≥–µ–Ω–Ω—ã–º –†–∞–π–æ–Ω–∞–º	20017636
No152	32789590
–ü–∞—Ç–∏ –≤ –¥–∞–Ω–∂–∏	117821693
–ê—Ñ–∏—à–∞ –î–µ—Ç—Å–∫–∏–π –ü–µ—Ç–µ—Ä–±—É—Ä–≥! –î–µ—Ç–∏ –°–ø–± –ü–∏—Ç–µ—Ä	117567508
***–ú–ê–°–¢–ï–†-–∫–ª–∞—Å—Å—ã –ø–æ –•–∏–ø-–•–æ–ø—É –ê–Ω–Ω—ã –î–µ–ª—å—Ü–æ–≤–æ–π –≤  –ù–ò–ñ–ù–ï–ú –ù–û–í–ì–û–†–û–î–ï***	17067673
GTA san andreas	19008848
–ì–†–ê–î –ü–ï–¢–†–û–í ‚òÇ –ü–µ—à–∏–µ –≠–∫—Å–∫—É—Ä—Å–∏–∏ –ø–æ –ü–∏—Ç–µ—Ä—É	101709510
–£ –º–µ—Ç—Ä–æ –ì—Ä–∞–∂–¥–∞–Ω—Å–∫–∏–π –ø—Ä–æ—Å–ø–µ–∫—Ç | –°–ü–±	126180904
–ò–Ω—Ç–µ—Ä–µ—Å–Ω—ã–µ –≤—Å—Ç—Ä–µ—á–∏, –º–µ—Å—Ç–∞ –¥–ª—è –¥—Ä—É–∑–µ–π (–ü–∏—Ç–µ—Ä)	109832139
–°–í–ê–î–ï–ë–ù–´–ô –í–ï–î–£–©–ò–ô	84105427
–ü–°–† 2007!!!	89690
–§–æ—Ç–æ–≥—Ä–∞—Ñ –≤ –°–æ—á–∏ –ê–¥–ª–µ—Ä–µ –ö—Ä–∞—Å–Ω–æ–π –ø–æ–ª—è–Ω–µ	124519976
Oculta: Escalation	129085318
–î–æ—Å—É–≥ —Å –¥–µ—Ç—å–º–∏ (–∏ –±–µ–∑ –¥–µ—Ç–µ–π :) )	4113433
